Institution;Adresse;Téléphone du contact;Rapport envoyé à:;Fax du contact;Nom du contact;Compagnie;Organisation Parent;ID Soumissionnaire;Type de Livraison;
Adaltis inc.;10900, rue Hamon;;Courrier postal;;Responsable;Adaltis inc.;LPADAL;LPADAL1;MAIL;|
Agence canadienne d'inspection des aliments Mirabel;17660, rue Charles;;Courrier postal;;Responsable;Agence canadienne d'inspection des aliments Mirabel;ACIA;ACIAM;MAIL;|
Agence canadienne d'inspection des aliments Sherbrooke;50, Place de la Cité;;Courrier postal;;Responsable;Agence canadienne d'inspection des aliments Sherbrooke;ACIA;ACIAS;MAIL;|
American Type Culture Collection;10801, University Boulevard;;Courrier postal;;Reponsable;American Type Culture Collection;ATCC;ATCC1;MAIL;|
Aqualabo;2255, rue Principale;;Courrier postal;;Responsable;Aqualabo;LPAQUA;LPAQUA1;MAIL;|
Baffin Regional Hospital;P.O. Box 1000 Stn. 1024;;Courrier postal;;Responsable;Baffin Regional Hospital;HORBAF;HORBAF1;MAIL;|
Bariatrix International Inc.;1125, 50e Avenue;;Courrier postal;;Responsable;Bariatrix International Inc.;LPBINT;LPBINT1;MAIL;|
Base des Forces canadiennes Bagotville;Clinique médicale, bâtisse 66 CP 5000;;Courrier postal;;Responsable;Base des Forces canadiennes Bagotville;BFC;CMBFCB;MAIL;|
Base des Forces canadiennes Montréal;Clinique médicale Garnison Saint-Jean, C.P. 100;1-450-358-7099 poste 7670;14503586293;14503586293;Responsable/M. Jacques Lepage;Base des Forces canadiennes Montréal;BFC;LABFCSJ;FAX;|
Base des Forces canadiennes Montréal - Saint-Hubert;Clinique médicale;;Courrier postal;;Resopnsable;Base des Forces canadiennes Montréal - Saint-Hubert;BFC;CMBFCM;MAIL;|
Biogénie inc.;350, rue Franquet;;Courrier postal;;Responsable;Biogénie inc.;LPBIO;LPBIO1;MAIL;|
BIOLAB - Division Joliette;725, rue Marion;;Courrier postal;;Responsable;BIOLAB - Division Joliette;LPBDJOL;LPBDJOL1;MAIL;|
Biomedco Services inc.;2550, chemin Bates;;Courrier postal;;Responsable;Biomedco Services inc.;LPBS;LPBS1;MAIL;|
Biovet Diagnostics inc.;4375, avenue Beaudry;;result@biovet-inc.com;;Responsable;Biovet Diagnostics inc.;LPBVET;LPBVET1;EMAIL;|
British Columbia Centre for Disease Control;655, West 12th Avenue;;Courrier postal;;Responsable;British Columbia Centre for Disease Control;BCCDC;BCCDC1;MAIL;|
Bureau des services de santé à la frontière et aux voyageurs;200, boulevard René-Lévesque Ouest ,11e étage , pièce 1002.48;514-496-7191;5144967012;5144967012;Responsable/André Allain;Bureau des services de santé à la frontière et aux voyageurs;ASPC;BSSFV;FAX;|
Bureau du Coroner;1701, rue Parthenais, 11e étage;514 873-3284;Courrier postal;514 873-8943;Responsable;Bureau du Coroner;MSPQ;BCORO;MAIL;|
Bureau of Laboratories;1600 Clifton RD;;Courrier postal;;Responsable;Bureau of Laboratories;CDCP;BLAB;MAIL;|
Cadham Provincial Laboratory;750 William Avenue;;Courrier postal;;Responsable;Cadham Provincial Laboratory;CPLAB;CPLAB1;MAIL;|
Canadian Blood Services National testing lab.;1800 Alta Vista Drive;;Courrier postal;;Responsable;Canadian Blood Services National testing lab.;CBS;CBSNTL;MAIL;|
Canadian Forces Base Goose Bay;27 CF Health Services Centre 5;;Courrier postal;;Responsable;Canadian Forces Base Goose Bay;BFC;BFCGB;MAIL;|
Carrefour médical Vallée du Richelieu;665, boul. Sir-Wilfrid-Laurier;4504670088;14504676941;14504676941;Responsable;Carrefour médical Vallée du Richelieu;CMVALL;CMVALL1;FAX;|
Carrefour médical Vallée du Richelieu;665, boul. Sir-Wilfrid-Laurier;1-450-467-1230 poste 216;14504676941;14504676941;Responsable/Mme Geneviève Martin;Carrefour médical Vallée du Richelieu;GMFVALL;GMFVALL1;FAX;|
Center for AIDS research, Stanford University;300, Pasteur Drive, Room S-146;650 723-5715;Courrier postal;;Responsable;Center for AIDS research, Stanford University;SU;CARUS;MAIL;|
Centre ambulatoire (CHARL);1515, boul. Chomedey, 2e étage;;mlapointe.csssl@ssss.gouv.qc.ca;;Responsable/Martin Lapointe;Centre ambulatoire (CHARL);CILAV;CHCHARL;EMAIL;|
Centre de détention de Québec;500, rue de la Faune;418 626-7119;Courrier postal;;Responsable;Centre de détention de Québec;SPQ;CDQ;MAIL;|
Centre de détention Rivière-des-Prairies;11900, rue Armand-Chaput;514 494-3930;Courrier postal;514 494-1423;Responsable;Centre de détention Rivière-des-Prairies;SPQ;CDRP;MAIL;|
Centre de médecine familiale (D.D.O.);3400, rue du Marché;514-683-0414;Courrier postal;;Responsable;Centre de médecine familiale (D.D.O.);CMFAMDDO;CMFAMDDO1;MAIL;|
Centre de médecine familiale (Saint-Sauveur);75, av. de la Gare, RR 6;4502271864;Courrier postal;;Responsable;Centre de médecine familiale (Saint-Sauveur);CMFAMSS;CMFAMSS1;MAIL;|
Centre de rech. du CHUM - Technopôle Angus;2901 rue Rachel Est;5148908000;Courrier postal;;Responsable;Centre de rech. du CHUM - Technopôle Angus;CUMONT;CRTANG;MAIL;|
Centre de recherche et de développement en horticulture;430, boul. Gouin;;Courrier postal;;Responsable;Centre de recherche et de développement en horticulture;AC;CRDH;MAIL;|
Centre de recherche et de développement sur bovin laitier et le porc;2000, rue Collège;;Courrier postal;;Responsable;Centre de recherche et de développement sur bovin laitier et le porc;AC;CRDBLP;MAIL;|
Centre de référence national pour arbovirus;Université de Toronto, Banting Institute;416 978-2011;Courrier postal;;Responsable;Centre de référence national pour arbovirus;UTBI;CNRA;MAIL;|
Centre de santé Chibougamau;51, 3e Rue;418-748-6435;14187484175;14187484175;Responsable;Centre de santé Chibougamau;CRSBJ;CSCHIBOU;FAX;|
Centre de santé Inuulitsivik;Chemin Baie d'Hudson, Nunavik;1-819-988-2957 poste 262;18199882611;18199882611;Responsable/Ghislain Crete;Centre de santé Inuulitsivik;CSINUU;CSINUULIT;FAX;|
Centre de santé Isle-Dieu;130, boul. Matagami;;Courrier postal;;Responsable;Centre de santé Isle-Dieu;CRSBJ;CSIDIEU;MAIL;|
Centre de santé Lebel;950, boul. Quevillon Nord, C.P. 5000;1-819-755-4881 poste 219;18197553663;18197553663;Responsable/M. Alexandre Madarnas;Centre de santé Lebel;CRSBJ;CSLEBEL;FAX;|
Centre de santé Radisson;199, rue Jolliet, ;;Courrier postal;;Responsable;Centre de santé Radisson;CRSBJ;CSRADIS;MAIL;|
Centre de santé Tulattavik de l'Ungava;C.P. 149, Nunavik;1-819-964-2905;18199640495;18199640495;Responsable/Serge Doiron;Centre de santé Tulattavik de l'Ungava;CSTU;CSTUNGAVA;FAX;|
Centre de santé Valcartier / Laboratoire;USS Valcartier, édifice 109, C.P.1000, Succ. Forces;1-418-844-5000 poste  5789;14188447217;14188447217;Responsable/Mme Dupaul, Diane;Centre de santé Valcartier / Laboratoire;BFC;LBCSVQ;FAX;|
Centre de services Avallin-Dalcourt;450, 2e Rue;1-819-228-9486;18192281820;18192281820;Responsable/Guylaine Beland;Centre de services Avallin-Dalcourt;CIMCQ;PSADALC;FAX;|
Centre de services de Nicolet (Multi. SSS C.-Roi);675, rue Saint-Jean-Baptiste;1-819-293-2071 poste 52266;18192932916;18192932916;Responsable/Josette Drouin;Centre de services de Nicolet (Multi. SSS C.-Roi);CIMCQ;PSNICOL;FAX;|
Centre de services de Rivière-Rouge;1525, rue L'Annonciation Nord;1-819-275-2118;18192751452;18192751452;Responsable/Dr Sylvain Gelinas;Centre de services de Rivière-Rouge;CILAU;PSRROUGE;FAX;|
Centre de soins de courte durée La Sarre (CSCD);679, 2e Rue Est, C.P. 6000;1-819-333-2311 poste 2315;18193336297;18193336297;Responsable/Karine Morin;Centre de soins de courte durée La Sarre (CSCD);CIAT;CHCDLASAR;FAX;|
Centre de Spécialiste West Island;3400, rue du Marché;;Courrier postal;;Responsable;Centre de Spécialiste West Island;CSWISL;CSWISL1;MAIL;|
Centre de SSS D'Arthabaska-et-de-l'érable - Hôtel-Dieu;5, rue des Hospitalières;1-819-357-2030;18193576022;18193576022;Responsable/Lise-Andrée Galarneau;Centre de SSS D'Arthabaska-et-de-l'érable - Hôtel-Dieu;CIMCQ;C3AEHD;FAX;|
Centre de SSS D'Arthabraska-et-de-l'érable ;220, rue Principale, C.P. 250;;Courrier postal;;Responsable;Centre de SSS D'Arthabraska-et-de-l'érable ;CIMCQ;C3AEH;MAIL;|
Centre de SSS de la Haute-Yamaska;205 Boulevard Leclerc Ouest;1-450-375-8000;14503758040;14503758040;Responsable;Centre de SSS de la Haute-Yamaska;CIECHUS;C3HYAM;FAX;|
Centre de SSS de la MRC-de-Coaticook (P.S.);138, rue Jeanne-Mance;1-819-849-9102 poste 1442;18198497044;18198497044;Responsable/Julie Bourque;Centre de SSS de la MRC-de-Coaticook (P.S.);CIECHUS;C3MCOATI;FAX;|
Centre de SSS de la région de Thetford;1717, rue Notre-Dame E;1-418-338-7777;14183387760;14183387760;Responsable/Labo. Microbiologie;Centre de SSS de la région de Thetford;CICA;C3RTM;FAX;|
Centre de SSS de Memphrémagog;50, rue Saint-Patrice Est;1-819-843-3381 poste 2036;18198683244;18198683244;Responsable/Chantal Descent;Centre de SSS de Memphrémagog;CIECHUS;CEMEMPH;FAX;|
Centre de SSS de Trois-Rivières;1991 boul. du  Carmel;1-819-697-3333;18196944113;18196944113;Responsable/André Poirier;Centre de SSS de Trois-Rivières;CIMCQ;C3TR;FAX;|
Centre de SSS du Granit (P.S.);3569, rue Laval;1-819-583-0330 poste 366;18195836209;18195836209;Responsable/Diane St-Pierre;Centre de SSS du Granit (P.S.);CIECHUS;C3GRANIT;FAX;|
Centre de SSS du Haut-Saint-Maurice;885, boul. Ducharme;1-819-523-4581 poste 2007;18195235315;18195235315;Responsable/Luce Fontaine;Centre de SSS du Haut-Saint-Maurice;CIMCQ;C3HSMAUR;FAX;|
Centre de SSS La Pommeraie;950, rue Principale;1-450-266-4342 poste 55543;14502633596;14502633596;Responsable;Centre de SSS La Pommeraie;CIECHUS;C3LAPOMM;FAX;|
Centre d'expertise en analyse environnementale du Québec;2700, rue Einstein, bureau E-2-220;418 643-1301;Courrier postal;;Responsable;Centre d'expertise en analyse environnementale du Québec;MSSSL;CEAEQQ;MAIL;|
Centre d'hébergement Champlain Jean-Louis-Lapierre;199, rue Saint-Pierre;;Courrier postal;;Responsable;Centre d'hébergement Champlain Jean-Louis-Lapierre;CEGCHAM;CEJLLAPIE;MAIL;|
Centre d'Hébergement Cooke;3450, rue Sainte-Marguerite;;Courrier postal;;Responsable;Centre d'Hébergement Cooke;CIMCQ;CECOOKE;MAIL;|
Centre d'hébergement de Rivière-Bleue;45, rue du Foyer Sud ;;Courrier postal;;Responsable;Centre d'hébergement de Rivière-Bleue;CIBSL;CERBLEUE;MAIL;|
Centre d'Hébergement des Quatre-Saisons;6767, rue Cartier;;Courrier postal;;Responsable;Centre d'Hébergement des Quatre-Saisons;CIEIM;LDQSAI;MAIL;|
Centre d'Hébergement des Quatre-Temps;7400, boul. Saint-Michel;514-490-2429 poste 2186;5144902403;5144902403;Responsable/Mme France Robitaille (Pharmacie);Centre d'Hébergement des Quatre-Temps;CIEIM;CEQTEMPS;FAX;|
Centre d'Hébergement Eloria-Lepage;3090 av. de la pépinière;5142521710;Courrier postal;;Responsable;Centre d'Hébergement Eloria-Lepage;CIEIM;CEELEPAG;MAIL;|
Centre d'Hébergement Émilie-Gamelin;1440, rue Dufresne ;;Courrier postal;;Responsable;Centre d'Hébergement Émilie-Gamelin;CICEIM;CEEGAMEL;MAIL;|
Centre d'Hébergement Laflèche;1650, 6e Avenue;;Courrier postal;;Responsable;Centre d'Hébergement Laflèche;CIMCQ;CELAFLE;MAIL;|
Centre d'Hébergement Mgr-Ross de Gaspé;150, rue Monseigneur-Ross;;Courrier postal;;Responsable;Centre d'Hébergement Mgr-Ross de Gaspé;CIG;CEMROSS;MAIL;|
Centre d'Hébergement Notre-Dame-de-la-Merci;555, boul. Gouin Ouest;;Courrier postal;;Responsable;Centre d'Hébergement Notre-Dame-de-la-Merci;CINIM;CENDMERCI;MAIL;|
Centre d'Hébergement Saint-Michel;3130, rue Jarry Est;;Courrier postal;;Responsable;Centre d'Hébergement Saint-Michel;CIEIM;CESMICHEL;MAIL;|
Centre d'Hébergement Saint-Vincent;300, rue King Est;;Courrier postal;;Responsable;Centre d'Hébergement Saint-Vincent;C3IUGS;CESVINC;MAIL;|
Centre d'hébergement Vicenzo-Navarro;7705, rue Lespinay ;;Courrier postal;;Responsable;Centre d'hébergement Vicenzo-Navarro;CEVNAV;CEVNAV1;MAIL;|
Centre Dollard Cormier (Prince-Arthur);110, rue Prince-Arthur Ouest;;Courrier postal;;Responsable;Centre Dollard Cormier (Prince-Arthur);CICEIM;CRDCORPA;MAIL;|
Centre d'urgence Salaberry;2758, rue de Salaberry;514-337-4772;Courrier postal;;Responsable;Centre d'urgence Salaberry;CUSAL;CUSAL1;MAIL;|
Centre hospitalier Anna-Laberge;200, boul. Brisebois;450-699-2425 poste 4267;4506994393;4506994393;Responsable/Julie Page;Centre hospitalier Anna-Laberge;CIMO;CHALABER;FAX;|
Centre hospitalier de St-Mary;3830, avenue Lacombe;;5147342634;5147342634;Responsable/Joe Dylewski;Centre hospitalier de St-Mary;CIOIM;HOSM1;FAX;|
Centre hospitalier de St-Mary / Groupe de médecine familiale;3777 rue Jean-Brillant;5147342677;Courrier postal;;Responsable;Centre hospitalier de St-Mary / Groupe de médecine familiale;CIOIM;HOSM;MAIL;|
Centre hospitalier Kateri Memorial Tehsakotitsen:Tha;C.P. 10 ;;Courrier postal;;Responsable;Centre hospitalier Kateri Memorial Tehsakotitsen:Tha;CHCMK;CHKATERIM;MAIL;|
Centre Hospitalier Pierre-Janet;20, rue Pharand;;Courrier postal;;Responsable;Centre Hospitalier Pierre-Janet;CIO;CHPJANET;MAIL;|
Centre Hospitalier Régional de Lanaudière;1000, boul. Sainte-Anne;1-450-759-8222 poste 2673;14507593075;14507593075;Responsable;Centre Hospitalier Régional de Lanaudière;CILAN;CHRDLANAU;FAX;|
Centre hospitalier régional du Grand Portage;75  rue Saint-Henri;14188681010 poste 2231;14188680759;14188680759;Responsable/Kathleen Dumont;Centre hospitalier régional du Grand Portage;CIBSL;CHGPRL;FAX;|
Centre hospitalier Trois-Pistoles;550, rue Notre-Dame Est;1-418-851-3700 poste 125;14188512944;14188512944;Responsable/André Thériault;Centre hospitalier Trois-Pistoles;CIBSL;CHTPIST;FAX;|
Centre médical de Beauport;737, avenue Royal;1-418-667-4328;14186675843;14186675843;Responsable/Dr. Lefrancois;Centre médical de Beauport;GMFBEAU;GMFBEAU1;FAX;|
Centre médical de la Vallée;22, rue du Pont, bureau 1;1-418-629-6611;14186294484;14186294484;Responsable/Nadia D'Amours;Centre médical de la Vallée;GMFMAT;GMFMAT1;FAX;|
Centre médical de Sillery;1270, rue William;;Courrier postal;;Responsable;Centre médical de Sillery;GMFSIL;GMFSIL1;MAIL;|
Centre médical Halles de Sainte-Foy;2500 chemin des Quatres-Bourgeois;14186523642;Courrier postal;;Responsable;Centre médical Halles de Sainte-Foy;CMCHSF;CMCHSF1;MAIL;|
Centre médical Laval;1110, boul. Vanier;1-450-661-2521;14506617193;14506617193;Responsable/Ghislaine Bilodeau;Centre médical Laval;GMFLAV;GMFLAV1;FAX;|
Centre médical Médicentre Pincourt;88, 5e Avenue;514 425-1000;Courrier postal;;Responsable;Centre médical Médicentre Pincourt;GMFMPIN;GMFMPIN1;MAIL;|
Centre médical Métro Monk;2376, rue Allard;514 769-9999;Courrier postal;;Responsable;Centre médical Métro Monk;GMFMMONK;GMFMMONK1;MAIL;|
Centre médical pour Enfants Lasalle;1791, avenue Dollard;514-368-0444;5143680445;5143680445;Responsable/Dr Urbanski;Centre médical pour Enfants Lasalle;CMELAS;CMELAS1;FAX;|
Centre médical Robinson;4, rue Robinson Nord;1-450-378-8435;14503758832;14503758832;Responsable/Dr. Didier Fay;Centre médical Robinson;GMFROB;GMFROB1;FAX;|
Centre médical Westmount;5025 rue Sherbrooke Ouest ;514-488-9888;Courrier postal;;Responsable/Dre Anne-Marie Gravel;Centre médical Westmount;CMWEST;CMWEST1;MAIL;|
Centre multiservice en SSS de Fortierville;216 rue Principale;;18192932916;18192932916;Responsable/Josette Drouin;Centre multiservice en SSS de Fortierville;CIMCQ;C3FORTI;FAX;|
Centre national de référence en mycobactériologie;1015 Arlington  Street Rm H3520;204 789-6990;Courrier postal;;Responsable;Centre national de référence en mycobactériologie;CSCSHA;CSCSHACNRM;MAIL;|
Centre Paul-Gilbert - Centre d'Hébergement de Charny;9330, boul. du Centre-Hospitalier;1-418-832-1721 poste 6846;14188327645;14188327645;Responsable/Mme Josée Otis;Centre Paul-Gilbert - Centre d'Hébergement de Charny;CICA;CHCEPGILB;FAX;|
Centre québécois d'innovation en biotechnologies;500, boul. Cartier Ouest;;Courrier postal;;Responsable;Centre québécois d'innovation en biotechnologies;LPCQIBIO;LPCQIBIO1;MAIL;|
Centre régional de réception;246, Montée Gagnon;450 478-5977;Courrier postal;450 478-5899;Responsable;Centre régional de réception;SCC;CRR;MAIL;|
Centre scientifique canadien santé humaine et animale;1015 Arlington Street;;Courrier postal;;Resposnable;Centre scientifique canadien santé humaine et animale;CSCSHA;CSCSHALNEP1;MAIL;|
Centre scientifique canadien santé humaine et animale;1015 Arlington Street  Rm A1010;;Courrier postal;;Responsable;Centre scientifique canadien santé humaine et animale;CSCSHA;CSCSHALNM;MAIL;|
Centre scientifique canadien santé humaine et animale;1015 arlington Street Rm H3150;204 789-2133;Courrier postal;;Responsable;Centre scientifique canadien santé humaine et animale;CSCSHA;CSCSHAIN;MAIL;|
Centre scientifique canadien santé humaine et animale;National Microbiology Laboratory;;Courrier postal;;Responsable;Centre scientifique canadien santé humaine et animale;CSCSHA;CSCSHALNM1;MAIL;|
Childrens Hospital of Eastern Ontario;401 Smyth Road;;Courrier postal;;Responsable;Childrens Hospital of Eastern Ontario;HOCEO;HOCEO1;MAIL;|
CHSLD Bourget;11570, rue Notre-Dame Est;;Courrier postal;;Responsable;CHSLD Bourget;LDBOURG;LDBOURG1;MAIL;|
CHSLD Providence Notre-Dame de Lourdes;1870, boulevard Pie-IX;;Courrier postal;;Responsable;CHSLD Providence Notre-Dame de Lourdes;LDPNDL;LDPNDLOUR;MAIL;|
CHSLD Saint-Jude;4410, boul. Saint-Martin Ouest;;Courrier postal;;Responsable;CHSLD Saint-Jude;LDA3I;LDSJUDE;MAIL;|
CHSLD Vigi Mont-Royal;275, avenue Brittany;514 739-5593;Courrier postal;514 733-7973;Responsable;CHSLD Vigi Mont-Royal;VSLT;LDVMR;MAIL;|
CHU Dr-Georges-L.-Dumont;330, avenue Université;1-506-862-4699;15068624827;15068624827;Responsable/Dr Louise Thibault;CHU Dr-Georges-L.-Dumont;CUGLD;CUGLD1;FAX;|
CHU Sainte-Justine;3175, ch. de la Côte-Sainte-Catherine;514-345-4642;5143454818;5143454818;Responsable Micro/Immuno/Mélanie Lafleur;CHU Sainte-Justine;CUSJ;CUSJUSG;FAX;|
CHUL-LABO MULTI / MICRO;2705, boul. Laurier  Local F-0409;;14186542147;14186542147;Responsable/Hélène Senay;CHUL-LABO MULTI / MICRO;CUQUL;CUQULLAB;FAX;|
CHUM - Biochimie (regroupés) -Secteur envois - Hôpital Saint-Luc;1051 rue Sanguinet;514-890-8000 poste 20911;5144127336;5144127336;Responsable/Sandra Sorella;CHUM - Biochimie (regroupés) -Secteur envois - Hôpital Saint-Luc;CUMONT;HOSLUCS;FAX;|
CHUM - Biologie moléculaire - Hôpital Saint-Luc;1051 rue Sanguinet;514-890-8000 poste 20911;5144127470;5144127470;Responsable/Sandra Sorella;CHUM - Biologie moléculaire - Hôpital Saint-Luc;CUMONT;HOSLUCBIO;FAX;|
CHUM - Microbiologie - Hôpital Saint-Luc;1051 rue Sanguinet;514-890-8000 poste 20911;5144127311;5144127311;Responsable/Sandra Sorella;CHUM - Microbiologie - Hôpital Saint-Luc;CUMONT;HOSLUC;FAX;|
CHUM - Pathologie - Hopital St-Luc;1100 rue Sanguinet (F07);514-890-8000;5144127396;5144127396;Responsable/Marie-Claude Guenette ;CHUM - Pathologie - Hopital St-Luc;CUMONT;HOSLUCPATH;FAX;|
CIRION BioPharma Recherche inc.;3150, rue Delaunay;1-450-682-2231 poste 226;14506887813;14506887813;Responsable/Sonia F. Panella;CIRION BioPharma Recherche inc.;LPCIRI;LPCIRI1;FAX;|
CISSSCA-Beauce (Hôpital de Saint-Georges);1515, 17e Rue;1-418-228-2031 poste 37256;14182279453;14182279453;Responsable/Anne Tardif;CISSSCA-Beauce (Hôpital de Saint-Georges);CICA;HOSGEORG;FAX;|
Clinique A rue Mc Gill;407 , rue Mc Gill , Bureau 900;5147870055;5147870066;5147870066;Responsable/Dr Marc Steben;Clinique A rue Mc Gill;LMCAMCGILL;LMCAMCGILL1;FAX;|
Clinique Caméléon;1851 rue Sherbrooke Est;5145085366;Courrier postal;;Responsable;Clinique Caméléon;CMCAM;CMCAM1;MAIL;|
Clinique de fertilité OVO;8000, boul. Décarie, bureau 100;514-798-2000;5149040840;5149040840;Responsable/Cecile Le Saint;Clinique de fertilité OVO;CFOVO;CFOVO1;FAX;|
Clinique de médecine familiale de Hull;15, boul. Montclair, bureau 202;1-819-777-2752;18197772269;18197772269;Responsable/Dr. Richard Pilon;Clinique de médecine familiale de Hull;GMFOUT;GMFOUT1;FAX;|
Clinique de Neuro-Outaouais;147 Blvd, d'Europe;1-819-777-2502 poste 252;18197772502;18197772502;Responsable/Nathalie Dumais;Clinique de Neuro-Outaouais;CMNOUT;CMNOUT1;FAX;|
Clinique de santé de la Haute-Gatineau;30 rue Principale;819-463-0100;Courrier postal;;Responsable;Clinique de santé de la Haute-Gatineau;CMSHGAT;CMSHGAT1;MAIL;|
Clinique de santé de Thetford;926, rue Labbé;;Courrier postal;;Responsable;Clinique de santé de Thetford;GMFTHET;GMFTHET1;MAIL;|
Clinique de Santé Jeunesse;14770 boul. Pierrefonds ;;Courrier postal;;Responsable;Clinique de Santé Jeunesse;CMSJEU;CMSJEU1;MAIL;|
Clinique dermatologique de Lachenaie;950, montée des Pionniers, bureau 345;;Courrier postal;;Responsable;Clinique dermatologique de Lachenaie;CDLACH;CDLACH1;MAIL;|
Clinique Dr Jean Valiquette;889, boul. Grignon Bureau 116;;Courrier postal;;Responsable;Clinique Dr Jean Valiquette;CDJVAL;CDJVAL1;MAIL;|
Clinique Dr. Anthony Hubert Dowell;50 boul Saint-Charles;5146946446;Courrier postal;;Responsable;Clinique Dr. Anthony Hubert Dowell;CMDAHD;CMDAHD1;MAIL;|
Clinique Dr. D.J. Irwin;175, avenue Stillview;5146977980;Courrier postal;;Responsable;Clinique Dr. D.J. Irwin;CMDDJI;CMDDJI1;MAIL;|
Clinique du ronflement;755, boul. Saint-Jean;5146307839;Courrier postal;;Responsable;Clinique du ronflement;CRONF;CRONF1;MAIL;|
Clinique d'Urgence Pincourt;430, boul Don-Quichotte;5144530884;Courrier postal;;Responsable;Clinique d'Urgence Pincourt;CMUPIN;CMUPIN1;MAIL;|
Clinique Enfant-Médic;3221 boul. des Sources;5146850880;Courrier postal;;Responsable;Clinique Enfant-Médic;CMEMED;CMEMED1;MAIL;|
Clinique Médic Elle;1980 rue Sherbrooke Ouest;514-788-2888;5147883939;5147883939;Responsable/Peter Robitaille;Clinique Médic Elle;CMELLE;CMELLE1;FAX;|
Clinique médicale Ahuntsic;241, rue Fleury Ouest;;Courrier postal;;Responsable;Clinique médicale Ahuntsic;GMFAHU;GMFAHU1;MAIL;|
Clinique médicale Alpha Médic Centre-Ville Montréal Inc.;1253 rue Guy;5149338383;Courrier postal;;Responsable;Clinique médicale Alpha Médic Centre-Ville Montréal Inc.;CMAMCVM;CMAMCVM1;MAIL;|
Clinique médicale Bromont;89, boul. de Bromont;;Courrier postal;;Responsable;Clinique médicale Bromont;GMFWB;GMFWB1;MAIL;|
Clinique médicale Cadillac;3435, rue Bossuet;514-253-1211;Courrier postal;;Responsable;Clinique médicale Cadillac;GMFCAD;GMFCAD1;MAIL;|
Clinique médicale Côte-des-Neiges;5450, chemin de la Côte-des-Neiges,bureau 210;514 731-3249;Courrier postal;;Responsable;Clinique médicale Côte-des-Neiges;CMMM;CMCDN;MAIL;|
Clinique médicale d'Alma;935, avenue du Pont Sud;1-418-668-6121;14186685298;14186685298;Responsable/Johanne Ouellette;Clinique médicale d'Alma;GMFALM;GMFALM1;FAX;|
Clinique médicale de Grand-Mère;799, Ave. de Grand-Mère;819 533-5783;Courrier postal;;Responsable;Clinique médicale de Grand-Mère;GMFGM;GMFGM1;MAIL;|
Clinique médicale de l'Alternative;2034 rue Saint-Hubert;5142819848;Courrier postal;;Responsable;Clinique médicale de l'Alternative;CMALT;CMALT1;MAIL;|
Clinique médicale de l'Université Laval;Université Laval, pavillon Pollack;418 656-2943;Courrier postal;;Responsable;Clinique médicale de l'Université Laval;UL;CMUL;MAIL;|
Clinique Médicale de Mont-Joli;1385, boul. Gaboury;418 775-5353;Courrier postal;;Responsable;Clinique Médicale de Mont-Joli;GMFMIT;GMFMIT1;MAIL;|
Clinique médicale des Trois Lacs;585, avenue Saint-Charles;;Courrier postal;;Responsable;Clinique médicale des Trois Lacs;GMFTLAC;GMFTLAC1;MAIL;|
Clinique médicale En Route;895, rue de la Gauchetière Ouest;5149541444;Courrier postal;;Responsable;Clinique médicale En Route;CMEROU;CMEROU1;MAIL;|
Clinique médicale Hâvre-Santé;521, boul. du Havre;1-450-371-6444;14503715315;14503715315;Responsable/Marlène Labrecque;Clinique médicale Hâvre-Santé;GMFLSF;GMFLSF1;FAX;|
Clinique médicale l'Actuel;1001, boul. de Maisonneuve Est;514 524-1001;5145243831;5145243831;Responsable/Mme. Le Thi Luyen;Clinique médicale l'Actuel;CMACT;CMACT1;FAX;|
Clinique médicale le Campanile;3730, rue du Campanile;;Courrier postal;;Responsable;Clinique médicale le Campanile;GMFCAM;GMFCAM1;MAIL;|
Clinique médicale le Plein Ciel;475, boul. Côte-Vertu;;Courrier postal;;Responsable;Clinique médicale le Plein Ciel;GMFCSLAU;CMLPCIEL;MAIL;|
Clinique médicale Le Royer (Alpha);240, rue Saint-Jacques;5149312021;Courrier postal;;Responsable;Clinique médicale Le Royer (Alpha);CMLRA;CMLRA1;MAIL;|
Clinique médicale L'envolée;5025, Salaberry;514 331-2323;Courrier postal;5143338534;Responsable;Clinique médicale L'envolée;GMFLENV;GMFLENV1;MAIL;|
Clinique médicale Les Grès;190, St-Honoré, bureau 104;819 535-6512;Courrier postal;;Responsable;Clinique médicale Les Grès;GMFGRES;GMFGRES1;MAIL;|
Clinique médicale Métro Saint-Michel;7281, boul. Shaughnessy;;Courrier postal;;Responsable;Clinique médicale Métro Saint-Michel;CMMS;CMMS1;MAIL;|
Clinique médicale Papineau inc.;6930 rue Papineau;5147220000;Courrier postal;5143355515;Responsable;Clinique médicale Papineau inc.;CMPAPI;CMPAPI1;MAIL;|
Clinique médicale Pierre Bertrand;303, boul. Pierre-Bertrand;418 683-2724;Courrier postal;;Responsable;Clinique médicale Pierre Bertrand;GMFPBER;GMFPBER1;MAIL;|
Clinique médicale Place Ville-Marie;1, Place Ville-Marie;5143971370;Courrier postal;;Responsable;Clinique médicale Place Ville-Marie;CMPVM;CMPVM1;MAIL;|
Clinique médicale Plateau Marquette;731, rue Galt Ouest, bureau 200;;Courrier postal;;Responsable;Clinique médicale Plateau Marquette;GMFPMAR;GMFPMAR1;MAIL;|
Clinique médicale privée des Mille-Îles;230, ch. de la Grande-Côte;;Courrier postal;;Responsable;Clinique médicale privée des Mille-Îles;CMPMILES;CMPMILES1;MAIL;|
Clinique médicale ProActive Santé;38-400 Boul Jean-Lesage;418-781-0022;Courrier postal;;Responsable;Clinique médicale ProActive Santé;CMPACTS;CMPACTS1;MAIL;|
Clinique médicale Quartier latin;905, boul. René Lévesque Est;514-285-5500;5142852226;5142852226;Responsable/Dr Denis Poirier;Clinique médicale Quartier latin;GMFQL;GMFQL1;FAX;|
Clinique médicale Saint-Augustin;334 , route 138;4188783590;Courrier postal;;Responsable;Clinique médicale Saint-Augustin;CMSAUG;CMSAUG1;MAIL;|
Clinique médicale Saint-Laurent;960, avenue Sainte-Croix;5147472555;Courrier postal;;Responsable;Clinique médicale Saint-Laurent;CMSLAU;CMSLAU1;MAIL;|
Clinique médicale Saint-Louis;3165, chemin Saint-Louis;;Courrier postal;;Responsable;Clinique médicale Saint-Louis;GMFSL;GMFSL1;MAIL;|
Clinique médicale VMS;6260,  Avenue Victoria;5142711210;Courrier postal;;Responsable;Clinique médicale VMS;CMVMS;CMVMS1;MAIL;|
Clinique Médi-Val;100-408 rue Jeanne-Mance;450-370-3387;Courrier postal;;Responsable;Clinique Médi-Val;CMVAL;CMVAL1;MAIL;|
Clinique Monchamp;227 rue Ste-Catherine, suite #102;1-450-632-2245;14506322795;14506322795;Responsable/Johanne Cummings;Clinique Monchamp;CMONT;CMONT1;FAX;|
Clinique Opus Inc.;1470, rue Peel, tour A, suite 850;;5147641957;5147641957;Responsable / France Savoir;Clinique Opus Inc.;COPUS;COPUS1;FAX;|
Clinique pédiatrique Laurentienne;200, rue Durand, bureau 106;1-450-438-1241;14504383501;14504383501;Responsable/Debboroah Hartmann;Clinique pédiatrique Laurentienne;CPLAU;CPLAU1;FAX;|
Clinique pédiatrique Sainte-Foy;950, de Bourgogne ;;Courrier postal;;Responsable;Clinique pédiatrique Sainte-Foy;CPSFOY;CPSFOY1;MAIL;|
Clinique réseau Statcare;175, avenue Stillview;;Courrier postal;;Responsable;Clinique réseau Statcare;CRSTAT;CRSTAT1;MAIL;|
CLSC de Bordeaux-Cartierville;11822, avenue du Bois-de-Boulogne;5143312572;Courrier postal;;Responsable;CLSC de Bordeaux-Cartierville;CINIM;CLBCARTIER;MAIL;|
CLSC de Donnacona;400, route 138   ;;Courrier postal;;Responsable;CLSC de Donnacona;CICN;CLDONNA;MAIL;|
CLSC de Grande-Vallée;71, rue Saint-François-Xavier O, C.P. 190;;Courrier postal;;Responsable;CLSC de Grande-Vallée;CIG;CLGVALL;MAIL;|
CLSC de Huntingdon;10, rue King, suite 200;;Courrier postal;;Responsable;CLSC de Huntingdon;C3HSL;CLHUNTING;MAIL;|
CLSC de la Petite-Patrie;6520 rue de Saint-Vallier;5142734508;Courrier postal;;Responsable;CLSC de la Petite-Patrie;CINIM;CLPPATRIE;MAIL;|
CLSC de l'Ancienne-Lorette;1320, rue Saint-Paul;;Courrier postal;;Responsable;CLSC de l'Ancienne-Lorette;CICN;CLALORR;MAIL;|
CLSC de Laurier-Station;135, rue de la Station ;;Courrier postal;;Responsable;CLSC de Laurier-Station;CICA;CLLSTATION;MAIL;|
CLSC de Murdochville;600, avenue William-May ;;Courrier postal;;Responsable;CLSC de Murdochville;CIG;CLMURD;MAIL;|
CLSC de Paspébiac;273, boul. Gérard-D.-Lévesque, C.P. 7000;;Courrier postal;;Responsable;CLSC de Paspébiac;CIG;CLPASPE;MAIL;|
CLSC de Pierrefonds;13800 boul. Gouin Ouest ;;Courrier postal;;Responsable;CLSC de Pierrefonds;CIOIM;CLPIERRE;MAIL;|
CLSC de Pohénégamook;1922, rue Saint-Vallier;;Courrier postal;;Responsable;CLSC de Pohénégamook;CIBSL;CLPOHEN;MAIL;|
CLSC de Saint-Chrysostome;21, rang Sainte-Anne;;Courrier postal;;Responsable;CLSC de Saint-Chrysostome;C3HSL;CLSCHRYS;MAIL;|
CLSC de Sainte-Foy-Sillery;3108, chemin Sainte-Foy;;Courrier postal;;Responsable;CLSC de Sainte-Foy-Sillery;CICN;CLSFSILL;MAIL;|
CLSC de Senneterre;961, rue de la Clinique, C.P. 4000 ;;Courrier postal;;Responsable;CLSC de Senneterre;CIAT;CLSENNE;MAIL;|
CLSC de Sept-Iles;405, avenue Brochu;;Courrier postal;;Responsable;CLSC de Sept-Iles;CICNO;CLSILES;MAIL;|
CLSC des Faubourgs (Parthenais);2260, rue Parthenais;;Courrier postal;;Responsable;CLSC des Faubourgs (Parthenais);CICEIM;CLFAUPART;MAIL;|
CLSC des Faubourgs (Sanguinet);1250, rue Sanguinet;;Courrier postal;;Responsable;CLSC des Faubourgs (Sanguinet);CICEIM;CLFAUSAN;MAIL;|
CLSC des Faubourgs (Visitation);1705, rue de la Visitation ;;Courrier postal;;Responsable;CLSC des Faubourgs (Visitation);CICEIM;CLFAUVIS;MAIL;|
CLSC du Plateau-Mont-Royal;4625, avenue de Lorimier ;;Courrier postal;;Responsable;CLSC du Plateau-Mont-Royal;CICEIM;CLPMROYAL;MAIL;|
CLSC et Centre ambulatoire de Vaudreuil-Dorion;3031 boul. de la gare;14504556171;Courrier postal;;Responsable;CLSC et Centre ambulatoire de Vaudreuil-Dorion;CIMO;CLSCVD;MAIL;|
CLSC et Centre d'Hébergement la Petite-Nation;14, rue Saint-André;;Courrier postal;;Responsable;CLSC et Centre d'Hébergement la Petite-Nation;CIO;CLCEPNATION;MAIL;|
CLSC et CHSLD de Saint-Jean-Port-Joli;430, rue Jean-Leclerc, C.P. 250 ;;Courrier postal;;Responsable;CLSC et CHSLD de Saint-Jean-Port-Joli;CICA;CLLDSJPJOLI;MAIL;|
CLSC Metro;1801 boulevard de Maisonneuve;514-934-0354;Courrier postal;514-934-9128;Responsable;CLSC Metro;CLMETRO;CLMETRO1;MAIL;|
CLSC Saint-Louis-du-Parc;100-15 Av du Mont-Royal E;514-286-9657;Courrier postal;;Responsable;CLSC Saint-Louis-du-Parc;CICEIM;CLSLPARC;MAIL;|
CLSC Samuel de Champlain (Brossard);5811, boul. Taschereau, bureau 100;;Courrier postal;;Responsable;CLSC Samuel de Champlain (Brossard);CIMC;CLSCHAMP;MAIL;|
CLSC Samuel de Champlain (Lemoyne);2499 rue Saint-Georges, bur.200;;Courrier postal;;Responsable;CLSC Samuel de Champlain (Lemoyne);CIMC;CLSCHAMPPS;MAIL;|
CLSC Vallée des Forts;978, boul. du Séminaire Nord;;Courrier postal;;Responsable;CLSC Vallée des Forts;CIMC;CLVFORTS;MAIL;|
CLSC, Centre d'Hébergement et Hôpital Cloutier-du-Rivage;155, rue Toupin;;Courrier postal;;Responsable;CLSC, Centre d'Hébergement et Hôpital Cloutier-du-Rivage;CIMCQ;HOCLCECDURI;MAIL;|
CLSC-Centre d'Hébergement de Windsor;23, rue Ambroise-Dearden;;Courrier postal;;Responsable;CLSC-Centre d'Hébergement de Windsor;CIECHUS;CLCEWIND;MAIL;|
Cmc Mistassini;302, rue Queen;;14189233653;14189233653;Responsable;Cmc Mistassini;CCSBJ;DIMISTAS;FAX;|
College of American Pathologists;325 Waukegan Rd.;708-446-8800;Courrier postal;;Responsable;College of American Pathologists;CAP;CAPATH;MAIL;|
Comparative Medicine and Animal Resources Centre;3655, rue Drummond, Room 1440;514 398-3510;Courrier postal;;Responsable;Comparative Medicine and Animal Resources Centre;UMG;CUMCMARC;MAIL;|
Conseil Cri de la SSS da la Baie-James (Hôpital);Casier postal 250;;Courrier postal;;Responsable;Conseil Cri de la SSS da la Baie-James (Hôpital);CCSBJ;CC3BJ250;MAIL;|
Conseil Cri de la SSS de la Baie-James;Case postal 420;8 198 552 844;18 198 552 551;18198552551;Responsable/Nathalie Laflamme;Conseil Cri de la SSS de la Baie-James;CCSBJ;CC3BJ;FAX;|
Conseil Cri de la SSS de la Baie-James;277, rue Duke, bureau 201;514-861-2352  poste 225;5148615206;5148615206;Responsable MADO;Conseil Cri de la SSS de la Baie-James;MSSS;DSP18;FAX;|
Conseil Cri de la SSS de la Baie-James;277, rue Duke, bureau 201;514-861-2352  poste 225;5148615206;5148615206;Responsable/Robert Carlin;Conseil Cri de la SSS de la Baie-James;MSSS1;DSP 18;FAX;|
Coop Santé de la Basse-Lièvre;620 Ave de Buckingham;1-819-986-6006 poste 246;18199861616;18199861616;Responsable/Claire Aubry;Coop Santé de la Basse-Lièvre;CMCSBASLIE;CMCSBASLIE1;FAX;|
Coop santé TémiscaVie;19 rue Dollard;819-622-2433;Courrier postal;;Responsable;Coop santé TémiscaVie;CMCSTEM;CMCSTEM1;MAIL;|
Corporation Steris Canada;490 Boul. Armand-Paris;418-664-1549;Courrier postal;;Responsable;Corporation Steris Canada;LPCSTERC;LPCSTERC1;MAIL;|
CSC de l'Enfant-Jésus RHSJ;1, boul. Saint-Pierre Ouest;;Courrier postal;;Responsable;CSC de l'Enfant-Jésus RHSJ;CSCHJ;CSCHJ1;MAIL;|
CSSS d'Argenteuil;145, avenue de La Providence;1-450-562-3761;14505663305;14505663305;Responsable/Martine Moderie;CSSS d'Argenteuil;CILAU;C3ARGENT;FAX;|
CSSS de la Baie-des-chaleurs;273, boul. Gérard-D.-Lévesque, C.P. 7000;;Courrier postal;;Responsable;CSSS de la Baie-des-chaleurs;CIG;CSBDC;MAIL;|
CSSS de la Basse-Côte-Nord;1070, boul. Docteur-Camille-Marcoux, C.P. 130;1-418-461-2144 poste 259;14184612578;14184612578;Responsable/Suzanne Gémus;CSSS de la Basse-Côte-Nord;CICNO;C3BCNORD;FAX;|
CSSS de la Haute-Côte-Nord  Pav. Escoumins;4, rue de l'Hôpital, C.P. 1000;1-418-233-2931 poste 2295;14182333128;14182333128;Responsable/Mme Johanne Bouchard;CSSS de la Haute-Côte-Nord  Pav. Escoumins;CICNO;C3HCNORDES;FAX;|
CSSS de la Haute-Côte-Nord Pav. Forestville;2, 7e Rue, C.P. 790;1-418-587-2212;14185876371;14185876371;Responsable/Linda Ouellet;CSSS de la Haute-Côte-Nord Pav. Forestville;CICNO;C3HCNORDFO;FAX;|
CSSS de la Minganie;1035, des Anciens;1-418-538-2212  poste 497;14185381416;14185381416;Responsable/Monique Bellemare;CSSS de la Minganie;CICNO;C3MING;FAX;|
CSSS de la Mitis (Hôp. de Mont-Joli);800, avenue Sanatorium;1-418-775-7261 poste 4160;14187754356;14187754356;Responsable/Jean-Claude Boucher;CSSS de la Mitis (Hôp. de Mont-Joli);CIBSL;C3MITISMJ;FAX;|
CSSS de la Vallée-de-l'Or;725, 6e rue;8 198 255 858;18 198 257 942;18198257942;Responsable/Judith Laberge;CSSS de la Vallée-de-l'Or;CIAT;CSVDOR;FAX;|
CSSS de l'Hématite;1, rue Aquilon, C.P. 550;1-418-287-3280;14182875465;14182875465;Responsable/Sylvie Fiset;CSSS de l'Hématite;CICNO;C3HEMAT;FAX;|
CSSS de Port-Cartier;3, rue de Shelter Bay;1-418-766-2572  poste 3210;14187660262;14187660262;Responsable/Julie Drouin;CSSS de Port-Cartier;CICNO;C3PCART;FAX;|
CSSS Haut-Richelieu/Rouville (Hôpital);920 Boul. du Séminaire Nord;;14503595237;14503595237;Responsable/Diane Murphy;CSSS Haut-Richelieu/Rouville (Hôpital);CIMC;C3SRRR;FAX;|
CUSM-Site Glen-Institut de Rech. (E035375 CNRP-SÉRO);1001, rue Décarie ;514-934-8347;5149348347;5149348347;Responsable/Dr. Momar Ndao;Site Glen-Institut de Rech. (E035375 CNRP-SÉRO);CUSM;HOSGIRCNRP;FAX;|
CUSM-Site Glen-institut de rech. (PARASITO. RÉF.);1001 rue Décarie;5149348347;5149344476;5149344476;Responsable;Site Glen-institut de rech. (PARASITO. RÉF.);CUSM;HOSGIRPR;FAX;|
CUSM-Site Glen-Institut Thoracique de Montréal;1001, rue Décarie;514-934-1934 poste 32588;5148432070;5148432070;Responsable/TB Clinic;Institut Thoracique de Montréal (Site Glen);CUSM;CHITHO;FAX;|
CUSM-Site Glen-Lab Central-Envois;1001, rue Décarie;514-934-1934;5148431584;5148431584;Responsable;CUSM-Site Glen-Lab Central-Envois;CUSM;HOSGC;FAX;|
CUSM-Site Glen-LAB Microbiologie;1001, rue Décarie;514-934-1934 poste 34077;5149344476;5149344476;Responsable/Dr Jerry Zaharatos;CUSM-Site Glen-LAB Microbiologie;CUSM;HOSGG;FAX;|
Data & Specimen Handling Sect.;BLDG.4  RM.B35-G12 1600 Clifton RD. NE;;Courrier postal;;Responsable;Data & Specimen Handling Sect.;CDCP;DSHS;MAIL;|
Diex Recherche inc;731, rue Galt Ouest;;Courrier postal;;Responsable;Diex Recherche inc;LPDREC;LPDREC1;MAIL;|
Dispensaire Schefferville / labo;C.P. 1059;418 585-2645;Courrier postal;;Responsable;Dispensaire Schefferville / labo;DSCHEF;DSCHEF1;EMAIL;|
Dr J. D. Shannon;4492, rue Sherbrooke Ouest;;Courrier postal;;Responsable;Dr J. D. Shannon;CDJDSHA;CDJDSHA1;MAIL;|
DSM Biologics;6000, avenue Royalmount;;Courrier postal;;Responsable;DSM Biologics;LPDMSBIO;LPDMSBIO1;MAIL;|
DSP de Chaudière-Appalaches;363, route Cameron;418-386-3546;14183891560;14183891560;Responsable MADO;DSP de Chaudière-Appalaches;MSSS;DSP12;FAX;|
DSP de Chaudière-Appalaches;363, route Cameron;418-389-1511;14183891560;14183891560;Responsable/Diane Morin;DSP de Chaudière-Appalaches;MSSS1;DSP 12;FAX;|
DSP de la Capitale Nationale;2400, avenue d'Estimauville;14186667000 poste 247;14186617153;14186617153;Responsable/Nathalie Beaulieu;DSP de la Capitale Nationale;MSSS1;DSP 3;FAX;|
DSP de la Capitale-Nationale;2400, avenue d'Estimauville;1-418-666-7000 poste 247;14186617153;14186617153;Responsable MADO;DSP de la Capitale-Nationale;MSSS;DSP3;FAX;|
DSP de la Côte-Nord;691, rue Jalbert;418-589-9845  poste 2278;14185891603;14185891603;Responsable MADO;DSP de la Côte-Nord;MSSS;DSP9;FAX;|
DSP de la Gaspésie - Îles-de-la-Madeleine;144 Boul. Gaspé;1-418-368-2443;14183601301;14183601301;Responsable MADO;DSP de la Gaspésie - Îles-de-la-Madeleine;MSSS;DSP11;FAX;|
DSP de la Gaspésie - Îles-de-la-Madeleine;205-1, boul. de York Ouest;418-368-4610;14183601301;14183601301;Responsable/Christine Minville;DSP de la Gaspésie - Îles-de-la-Madeleine;MSSS1;DSP 11;FAX;|
DSP de la Mauricie et du Centre-du-Québec;550, rue Bonaventure, 3e étage;819-374-7711, poste 58138;18663776236;18663776236;Responsable MADO;DSP de la Mauricie et du Centre-du-Québec;MSSS;DSP4;FAX;|
DSP de la Mauricie et du Centre-du-Québec;550, rue Bonaventure, 3e étage;819-693-3943;18663776236;18663776236;Responsable/Fernand Guillemette;DSP de la Mauricie et du Centre-du-Québec;MSSS1;DSP 4;FAX;|
DSP de la Montérégie;1255, rue Beauregard;450-928-6777;14509283023;14509283023;Responsable MADO;DSP de la Montérégie;MSSS;DSP16;FAX;|
DSP de la Montérégie;1255, rue Beauregard;450-928-3203;14509283023;14509283023;Responsable/Kareen Nour;DSP de la Montérégie;MSSS1;DSP 16;FAX;|
DSP de l'Abitibi-Témiscamingue;1, 9e Rue, 4e étage;1-819-764-3264 poste 49408;18197644537;18197644537;Responsable MADO;DSP de l'Abitibi-Témiscamingue;MSSS;DSP8;FAX;|
DSP de l'Abitibi-Témiscamingue;1, 9e Rue, 4e étage;1-819-764-3264 poste 4940;18197644537;18197644537;Responsable/Mme Chantal Boulé;DSP de l'Abitibi-Témiscamingue;MSSS1;DSP 8;FAX;|
DSP de Lanaudière;245, rue du Curé-Majeau;1-855-759-6660;14507593742;14507593742;Responsable MADO;DSP de Lanaudière;MSSS;DSP14;FAX;|
DSP de Laval;800, boul. Chomedey, Tour A, 3e étage;450-978-2121  poste 2116;14509782118;14509782118;Responsable MADO;DSP de Laval;MSSS;DSP13;FAX;|
DSP de Laval;800, boul. Chomedey, Tour A, 3e étage;0-978-2121  poste 2116;14509782118;14509782118;Responsable/MADO;DSP de Laval;MSSS1;DSP 13;FAX;|
DSP de l'Estrie;300, rue King Est, bureau 300;819-829-3400;18195645435;18195645435;Responsable MADO;DSP de l'Estrie;MSSS;DSP5;FAX;|
DSP de l'Estrie;300, rue King Est, bureau 300;819-566-7861;18195645435;18195645435;Responsable/Carole Albert;DSP de l'Estrie;MSSS1;DSP 5;FAX;|
DSP de l'Outaouais;104, rue Lois;819-966-6484 poste 7458;18197703307;18197703307;Responsable MADO;DSP de l'Outaouais;MSSS;DSP7;FAX;|
DSP de l'Outaouais;104, rue Lois;1819 966 6484 poste 7458;18197703307;18197703307;Responsable/Horacio Arruda;DSP de l'Outaouais;MSSS1;DSP 7;FAX;|
DSP de Montréal;1301, rue Sherbrooke Est;514 528-2400 poste 3653;5145282461;5145282461;Responsable MADO;DSP de Montréal;MSSS;DSP6;FAX;|
DSP de Montréal;1301, rue Sherbrooke Est;14 528-2400 poste 3653;5145282461;5145282461;Responsable/Dr Richard Massé;DSP de Montréal;MSSS1;DSP 6;FAX;|
DSP des Laurentides;1000, rue Labelle, bureau 210;450-432-8732;14505696305;14505696305;Responsable/Éric Goyer;DSP des Laurentides;MSSS1;DSP 15;FAX;|
DSP des Laurentides, CRSSS Baie-James;1000, rue Labelle, bureau 210;450-432-8731;14505696305;14505696305;Responsable MADO;DSP des Laurentides, CRSSS Baie-James;MSSS;DSP15;FAX;|
DSP des Laurentides, Région Nord-du-Québec;1000, rue Labelle, bureau 210;450-432-8732;14505696305;14505696305;Responsable/Éric Goyer;DSP des Laurentides, Région Nord-du-Québec;MSSS1;DSP 10;FAX;|
DSP du Bas-Saint-Laurent;288, rue Pierre-Saindon, bur. 115;1-418-724-8464;14187248183;14187248183;Responsable MADO;DSP du Bas-Saint-Laurent;MSSS;DSP1;FAX;|
DSP du Bas-Saint-Laurent;288, rue Pierre-Saindon, bur. 115;1-418-724-8464;14187248183;14187248183;Responsable/Claude P. Gauthier;DSP du Bas-Saint-Laurent;MSSS1;DSP 1;FAX;|
DSP du CRSSS de la Baie-James, Laurentides;1000, rue Labelle, bureau 210;450-432-8731;14505696305;14505696305;Responsable MADO;DSP du CRSSS de la Baie-James, Laurentides;MSSS;DSP10;FAX;|
DSP du Nunavik;C.P. 900;819-964-2222;18668678026;18668678026;Responsable MADO;DSP du Nunavik;MSSS;DSP17;FAX;|
DSP du Nunavik;2400, rue d'Estimauville;819-964-2222;18668678026;18668678026;Responsable/Vincent Gilbert;DSP du Nunavik;MSSS1;DSP 17;FAX;|
DSP du Saguenay - Lac-Saint-Jean;599 rue Hôtel-Dieu;418-541-1055;14185450835;14185450835;Responsable MADO;DSP du Saguenay - Lac-Saint-Jean;MSSS;DSP2;FAX;|
DSP du Saguenay-Lac-Saint-Jean;412, rue Brassard;1-418-275-4980 poste 229;14185450835;14185450835;Responsable/Hélène Gagné;DSP du Saguenay-Lac-Saint-Jean;MSSS1;DSP 2;FAX;|
DSP et d'évaluation de Lanaudière;245, rue du Curé-Majeau;57  poste 4450 ou 4261;14507593742;14507593742;Responsable/Joane Désilets;DSP et d'évaluation de Lanaudière;MSSS1;DSP 14;FAX;|
Dynacare Avenir;3885, boul. Industriel ;4509013071;Courrier postal;;Responsable;Dynacare Avenir;EPDA;EPDA1;MAIL;|
Eastern Health Care Corporation;306, Waterford Bridge Road;;Courrier postal;;Responsable;Eastern Health Care Corporation;EHCC;EHCC1;MAIL;|
Établissement Archambault - Sécurité moyenne;242, Montée Gagnon;450 478-5960;Courrier postal;450 478-7655;Responsable;Établissement Archambault - Sécurité moyenne;SCC;EARCHSM;MAIL;|
Établissement de Donnacona;1537, route 138;418 285-2455;Courrier postal;418 285-2027;Responsable;Établissement de Donnacona;SCC;EDONNA;MAIL;|
Fabrication Nuvo;3655, ch. de la Côte-Bissonette;1-450-929-0050;Courrier postal;;Responsable;Fabrication Nuvo;LPFNUVO;LPFNUVO1;MAIL;|
Faculté de médecine - Dép. Micro., Imm. Et inf.;2900, boul. Édouard-Montpetit, C.P. 6128;514 343-6275;Courrier postal;514 343-5701;Responsable;Faculté de médecine - Dép. Micro., Imm. Et inf.;UM;UMFMMII;MAIL;|
Faculté de médecine de l'Univ. Laval, départ. microb.;Pavillon Ferdinand-Vandry, bureau 2321-A;418 656-2131;Courrier postal;418 656-7666;Responsable;Faculté de médecine de l'Univ. Laval, départ. microb.;UL;ULFMM;MAIL;|
Fresenius Medical Care Canada;1660, 32e avenue  ;;Courrier postal;;Responsable;Fresenius Medical Care Canada;EPFMCC;EPFRES;MAIL;|
Fresenius Medical Care Canada - Ontario;45 Staples Avenue,  suite 110 ;;Courrier postal;;Responsable;Fresenius Medical Care Canada - Ontario;EPFMCC;EPFRESO;MAIL;|
Fresenius Medical Care Canada (rapport anglais);1660, 32e Avenue ;;Courrier postal;;Responsable;Fresenius Medical Care Canada (rapport anglais);EPFMCC;EPFRESA;MAIL;|
Galderma Production Canada inc;19400, aut. Transcanadienne;514-457-3187;5144574153;5144574153;Responsable/Mme Louise Pineault;Galderma Production Canada inc;LPGPCAN;LPGPCAN1;FAX;|
GC Biotherapeutics Inc;2911, avenue Marie-Curie;5143755800 # 431;a.sanchez@greencrossbt.com;5143755801;Responsable/Andrea Sanchez;GC Biotherapeutics Inc;LPGCBT;LPGCBT1;EMAIL;|
GDG Environnement Ltée;430, rue Saint-Laurent;1-819-373-3097;Courrier postal;;Responsable;GDG Environnement Ltée;LPGDGENV;LPGDGENV1;MAIL;|
GlaxoSmithKline Biologicals;245, boulevard Armand Frappier;;Courrier postal;;Responsable;GlaxoSmithKline Biologicals;LPGBIO;LPGBIO1;MAIL;|
GMF Centre de santé Drummondville;3745, rue Georges-Couture;1-819-477-4115;18194771122;18194771122;Responsable/Dr. Marc Vigneault;GMF Centre de santé Drummondville;GMFDRU;GMFDRU1;FAX;|
GMF du Reine Elizabeth (Clinique d'urgence);2111 Ave Northcliff;514-481-4343;5144819673;5144819673;Responsable;GMF du Reine Elizabeth (Clinique d'urgence);GMFRE;GMFRE1;FAX;|
GMF Lafontaine;242, rue Lafontaine;;Courrier postal;;Responsable;GMF Lafontaine;GMFLAF;GMFLAF1;MAIL;|
GMF-UMF Charles LeMoyne;299, boul. Sir Wilfrid-Laurier, bureau 2;;Courrier postal;;Responsable;GMF-UMF Charles LeMoyne;GMFCLEM;GMFCLEM1;MAIL;|
Groupe médical Stillview (GMF);175, av. Stillview, bureau 245;514-697-8471 (privé) Labo:514 6977354;5146974418;5146974418;Responsable/Dr. Ian Campbell;Groupe médical Stillview (GMF);GMFSTIL;GMFSTIL1;FAX;|
Groupe santé Medisys;500, rue Sherbrooke Ouest;5144992777;Courrier postal;;Responsable;Groupe santé Medisys;CMMEDI;CMMEDI1;MAIL;|
Groupe Stavibel inc.;762, avenue de l'Industrie;;Courrier postal;;Responsable;Groupe Stavibel inc.;LPGSTA;LPGSTA1;MAIL;|
Hamilton General Hospital - Microbiology Department;237 Barton Street East;1-905-527-4322 poste 46175;19055297142;19055297142;Responsable/Dr Cheryl Main;Hamilton General Hospital - Microbiology Department;HOGHM;HOGHM1;FAX;|
Health Sciences Centre (Manitoba) Mycobacteriology;"820 Sherbrook Street
 ";204 787-7652;Courrier postal;204 787-4699;Responsable;Health Sciences Centre (Manitoba) Mycobacteriology;PHM;HSCMAN;MAIL;|
Hôpital Barrie-Memorial;28, rue Gale;1-450-829-2321 poste 3276;14508292673;14508292673;Responsable/Danielle St-Yves;Hôpital Barrie-Memorial;C3HSL;HOBMEMOR;FAX;|
Hôpital Charles-LeMoyne;3120, boul. Taschereau;1-450-466-5000 poste 2172;14504665778;14504665778;Responsable/Dr Anton Mak;Hôpital Charles-LeMoyne;CIMC;HOCLEMOI;FAX;|
Hôpital Chauveau;11999, rue de l'Hôpital;1-418-842-3651 poste 7181;14188426466;14188426466;Responsable/Laboratoire Microbiologie;Hôpital Chauveau;CICN;HOCHAUV;FAX;|
Hôpital Cité de la Santé;1755, boul. René-Laënnec;1-450-975-5303;14509755095;14509755095;Responsable/Natalie Rivest;Hôpital Cité de la Santé;CILAV;HOCSANTÉ;FAX;|
Hôpital d'Alma;300, boul. Champlain Sud, C.P. 1300;1-418-669-2000 poste 2236;14186689694;14186689694;Responsable/Elise Desbiens;Hôpital d'Alma;CISLSJ;HOALMA;FAX;|
Hôpital d'Amos;622, 4e Rue Ouest;1-819-732-3341;18197326424;18197326424;Responsable/Dr Richard Lavallée;Hôpital d'Amos;CIAT;HOAMOS;FAX;|
Hôpital d'Amqui;135, av. Gaétan-Archambault;1-418-629-2211 poste 2019;14186298145;14186298145;Responsable/Laboratoire Microbiologie;Hôpital d'Amqui;CIBSL;HOAMQUI;FAX;|
Hôpital de Baie-Saint-Paul;74, rue Ambroise-Fafard;1-418-435-5150 poste 2182;14184356995;14184356995;Responsable/Debbie Provencher;Hôpital de Baie-Saint-Paul;CICN;HOBSPAUL;FAX;|
Hôpital de Chandler;451, rue Monseigneur Ross Est, C.P. 3300;1-418-689-2261 poste 2165;14186895925;14186895925;Responsable/Mme Marlène Parisé;Hôpital de Chandler;CIG;HOCHAN;FAX;|
Hôpital de Chicoutimi;305, rue Saint-Vallier;1-418-541-1046;14185411137;14185411137;Responsable/Sherley Rondeau;Hôpital de Chicoutimi;CISLSJ;HOCHIC;FAX;|
Hôpital de Dolbeau-Mistassini;2000, boul. Sacré-Coeur;(418) 276-1234  poste 4700 option 3 ou 4;14182766345;14182766345;Responsable/Vicky Potvin;Hôpital de Dolbeau-Mistassini;CISLSJ;HODMIST;FAX;|
Hôpital de Gatineau;909 boulevard La Vérendrye;;18199666379;18199666379;Responsable/Dominique Girard;Hôpital de Gatineau;CIO;HOPGAT;FAX;|
Hôpital de Hull;116, boul. Lionel-Émond;1-819-966-6000 poste 5446;18199666067;18199666067;Responsable/Anne-Marie Lalonde;Hôpital de Hull;CIO;HOHULL;FAX;|
Hôpital de La Baie;1000, rue du Docteur-Desgagné;1-418-544-3381 poste 279;14185444101;14185444101;Responsable/Anne Munger;Hôpital de La Baie;CISLSJ;HOLABAIE;FAX;|
Hôpital de La Malbaie;303, rue Saint-Étienne;1-418-665-1753 poste 1182;14186651736;14186651736;Responsable/Linda Lavoie;Hôpital de La Malbaie;CICN;HOLAMALB;FAX;|
Hôpital de Lachine;650, 16e Avenue;514-637-2351;5146379141;5146379141;Responsable/Benoit Charrette;Hôpital de Lachine;CUSM;HOLA;FAX;|
Hôpital de l'Archipel;430, chemin Principal;1-418-986-2121 poste 8138;14189867000;14189867000;Responsable/Mme Sonia Marin;Hôpital de l'Archipel;CII;HOLARCH;FAX;|
Hôpital de Lasalle;8585, Terrasse Champlain;;Courrier postal;;Responsable;Hôpital de Lasalle;CIOIM;HOLASALLE;MAIL;|
Hôpital de l'Enfant-Jésus;1401, 18e Rue;1-418-649-0252 poste 3726;14186495509;14186495509;Responsable/Dr. Alain Paradis;Hôpital de l'Enfant-Jésus;CUQUL;HOHEJ;FAX;|
Hôpital de Maniwaki;309, boul. Desjardins;1-819-449-4690;18194499984;18194499984;Responsable/Helene Lanigan;Hôpital de Maniwaki;CIO;HOMANIW;FAX;|
Hôpital de Maria;419, boul. Perron;1-418-759-3443 poste 2115;14187595335;14187595335;Responsable/M. Michel Goulet;Hôpital de Maria;CIG;HOMARIA;FAX;|
Hôpital de Matane;333, rue Thibault;1-418-562-3135 poste 2103;14185627430;14185627430;Responsable;Hôpital de Matane;CIBSL;HOMATAN;FAX;|
Hôpital de Mont-Laurier;2561, chemin de la Lièvre Sud;1-819-623-1234 poste 4222;18194404216;18194404216;Responsable/Francine Lachaine;Hôpital de Mont-Laurier;CILAU;HOMLAUR;FAX;|
Hôpital de Montmagny;350, boul. Taché Ouest, R.R. 1;418 248-0630;14182489791;14182489791;Responsable/Laboratoire;Hôpital de Montmagny;CICA;HOMONTMAG;FAX;|
Hôpital de Notre-Dame-du-Lac;58, rue de l'Église, C.P. 310;1-418-899-0214;14188992898;14188992898;Responsable/Sylvie Deschamps;Hôpital de Notre-Dame-du-Lac;CIBSL;HONDLAC;FAX;|
Hôpital de Papineau;155, rue Maclaren Est;1-819-986-4115;18199864125;18199864125;Responsable/Dr Daniel Tardif;Hôpital de Papineau;CIO;HOPAPIN;FAX;|
Hôpital de Rouyn-Noranda;4, 9e Rue;1-819-764-5131 poste 43108;18197642911;18197642911;Responsable/Annie Hallée;Hôpital de Rouyn-Noranda;CIAT;HORNOR;FAX;|
Hôpital de Sainte-Anne-de-Beaupré;11000, rue des Montagnards;1-418-827-3726 poste 3306;14188273727;14188273727;Responsable/Richard Fortin;Hôpital de Sainte-Anne-de-Beaupré;CICN;HOSABEAU;FAX;|
Hôpital de Sainte-Anne-Des-Monts;50, rue du Belvédère;1-418-763-2261 poste 6010;14187633600;14187633600;Responsable/Dr. Jean-René Fréchette;Hôpital de Sainte-Anne-Des-Monts;CIG;HOSAMONT;FAX;|
Hôpital de Saint-Eustache;520, boul. Arthur-Sauvé;1-450-473-6811;14504734319;14504734319;Responsable/Linda Lalancette;Hôpital de Saint-Eustache;CILAU;HOSEUST;FAX;|
Hôpital de Verdun;4000, boul. Lasalle;514-362-1000 poste 2201;5147657343;5147657343;Responsable/Marie Jolivet;Hôpital de Verdun;CICEIM;HOVERDUN;FAX;|
Hôpital Douglas;6875 boul. Lasalle;5147616131;Courrier postal;;Responsable;Hôpital Douglas;CUSMD;HODOUG;MAIL;|
Hôpital du Centre-de-la-Mauricie;50, 119e Rue;1-819-536-7659;18195367662;18195367662;Responsable/Mme Lucie Pronovost;Hôpital du Centre-de-la-Mauricie;CIMCQ;HOCMAUR;FAX;|
Hôpital du Pontiac;200, rue Argue;1-819 647-2211;18196473267;18196473267;Responsable/Edith Cayouette;Hôpital du Pontiac;CIO;HOPONTI;MAIL;|
Hôpital du Sacré-Coeur de Montréal;5400, boul. Gouin Ouest;514-338-2222 poste 2907;5143383156;5143383156;Responsable/Labo Bio-Multi D-0080;Hôpital du Sacré-Cœur de Montréal;CINIM;HOSCMONT;FAX;|
Hôpital du Sacré-Coeur de Montréal - Banque de sang;5400 boul. Gouin Ouest ;;Courrier postal;;Responsable;Hôpital du Sacré-Cœur de Montréal - Banque de sang;CINIM;HOSCMBS;MAIL;|
Hôpital du Suroît;150, rue Saint-Thomas;1-450-371-9920 poste 2695 ou 2502;14503715275;14503715275;Responsable/Laboratoire de microbiologie;Hôpital du Suroît;CIMO;HOSUROIT;FAX;|
Hôpital et Centre de Réadaptation de Jonquière;2230, rue de l'Hôpital, C.P. 1200;1-418-695-7700 poste 2364;14186957714;14186957714;Responsable/Nathalie Miron;Hôpital et Centre de Réadaptation de Jonquière;CISLSJ;HOCRJONQ;FAX;|
Hôpital et Centre d'Hébergement de Sept-Iles;45, rue du Père-Divet;1-418-962-9761 poste 2527;14189686052;14189686052;Responsable/Pierre R. Laberge;Hôpital et Centre d'Hébergement de Sept-Iles;CICNO;HOCESILES;FAX;|
Hôpital et Centre d'Hébergement d'Youville;1036, rue Belvédère Sud;;Courrier postal;;Responsable;Hôpital et Centre d'Hébergement d'Youville;C3IUGS;CUHCEYOUV;MAIL;|
Hôpital Fleurimont;3001, 12e Avenue Nord;1-819-346-1110 poste 15124;18198206486;18198206486;Responsable/Marie Geoffroy Lab.Microbiologie;Hôpital Fleurimont;CIECHUS;CUHFLEUR;FAX;|
Hôpital Fleury;2180, rue Fleury Est;514-383-5063;5143835059;5143835059;Responsable/Pierre Auger;Hôpital Fleury;CINIM;HOFLEURY;FAX;|
Hôpital général de Montréal;1650, avenue Cedar;514-934-1934 poste 42817;5149348245;5149348245;Responsable/Dr Marcel Behr;Hôpital général de Montréal;CUSM;HOGMG;FAX;|
Hôpital général de Montréal (Ctre Mal. Tropicales);1650 avenue Cedar, Bureau L10-520;514-937-1934;5149348529;5149348529;Responsable/Lyne Cédilotte;Hôpital général de Montréal (Ctre Mal. Tropicales);CUSM;HOGMCMT;FAX;|
Hôpital général du Lakeshore;160, avenue Stillview;514-630-2225 poste 5545;5146305168;5146305168;Responsable/Chantal Roy;Hôpital général du Lakeshore;CIOIM;HOGLAKE;FAX;|
Hôpital général Juif;3755, chemin Côte-Sainte-Catherine;514-340-8294;5143408123;5143408123;Responsable/Dr Andre Dascal;Hôpital général Juif;HOGJSMBD;HOGJUIF;FAX;|
Hôpital Grace Dart;6085 rue Sherbrooke Est;5142569021;Courrier postal;;Responsable;Hôpital Grace Dart;CIOIM;HOGDA;MAIL;|
Hôpital Honoré-Mercier;2750, boul. Laframboise;14507713333 poste 3546;14507713705;14507713705;Responsable/Nadia Beaupré-Chef de service de biologie méd.;Hôpital Honoré-Mercier;CIME;HOHMER;FAX;|
Hôpital Hôtel-Dieu de Gaspé;215, boul. de York Ouest;1-418-368-3301 poste 3225;14183688417;14183688417;Responsable;Hôpital Hôtel-Dieu de Gaspé;CIG;HOHDGASP;FAX;|
Hôpital Hôtel-Dieu Saint-Joseph de Saint-Quentin;21, Canada Street;;Courrier postal;;Responsable/Laboratory;Hôpital Hôtel-Dieu Saint-Joseph de Saint-Quentin;HOHDSJSQ;HOHDSJSQ1;MAIL;|
Hôpital Jean-Talon;1385, rue Jean-Talon Est;514-495-6767 poste 6137 ou 6195;5144956782;5144956782;Responsable/Natalie Kandyba;Hôpital Jean-Talon;CINIM;HOJTALON;FAX;|
Hôpital Jeffery Hale;1250, chemin Sainte-Foy;;Courrier postal;;Responsable;Hôpital Jeffery Hale;HOJHSB;HOJHALE;MAIL;|
Hôpital Juif de réadaptation;3205, Place Alton-Goldbloom;;Courrier postal;;Responsable;Hôpital Juif de réadaptation;CILAV;CRHJR;MAIL;|
Hôpital Laurentien;234, rue Saint-Vincent;1-819-324-4000 poste 4588;18193244065;18193244065;Responsable/France Royer;Hôpital Laurentien;CILAU;HOLAUR;FAX;|
Hôpital Le Royer;635, boul. Joliet;1-418-589-3701 poste 2739 ou 2814;14185891870;14185891870;Responsable/Roger Dubé;Hôpital Le Royer;CICNO;HOLEROYER;FAX;|
Hôpital Maisonneuve-Rosemont;5415, boul. de l'Assomption;514-252-3400 poste 4537;5142517742;5142517742;Responsable/Dr Christian Lavallee;Hôpital Maisonneuve-Rosemont;CIEIM;HOMAISML;FAX;|
Hôpital Marie-Clarac;3530, boul. Gouin Est;514-321-8800 poste 148;5143217632;5143217632;Responsable/Sonya Perron;Hôpital Marie-Clarac;HOMCSCSM;HOMCLARAC;FAX;|
Hôpital Memorial de Wakefield/Wakefiel Mem. Hosp.;101, ch. Burnside;;Courrier postal;;Responsable;Hôpital Memorial de Wakefield/Wakefiel Mem. Hosp.;CIO;HOMWAKEF;MAIL;|
Hôpital neurologique de Montréal;3801 rue University;5149341934;Courrier postal;;Responsable;Hôpital neurologique de Montréal;CUSM;HONEURO;MAIL;|
Hôpital Notre-Dame;1560 rue Sherbrooke E;;5143627904;5143627904;Responsable/Josée Desjardins;Hôpital Notre-Dame;CICSIM;HONDAME;FAX;|
Hôpital Notre-Dame-de-Fatima;1201, 6e Avenue;1-418-6419 poste 7254;14188561783;14188561783;Responsable/Margot Cyr;Hôpital Notre-Dame-de-Fatima;CIBSL;HONDFATI;FAX;|
Hôpital Pierre-Boucher;1333, boul Jacques-Cartier Est;;14504688201;14504688201;Responsable/Mireille Dupré;Hôpital Pierre-Boucher;CIME;HOPB;FAX;|
Hôpital Pierre-Le Gardeur;911, montée des Pionniers;1-450-654-7525 poste 32273;14505858297;14505858297;Responsable/Dr Judith Fafard;Hôpital Pierre-Le Gardeur;CILAN;HOPLEGARD;FAX;|
Hôpital psychiatrique de Malartic;1141, rue Royale, C.P. 800 ;;Courrier postal;;Responsable;Hôpital psychiatrique de Malartic;CIAT;HOPMALAR;MAIL;|
Hôpital régional Chaleur;1750, promenade Sunset Dr.;1-506-544-3515;15065442442;15065442442;Responsable/M. Eric Brisson;Hôpital régional Chaleur;RSVIT;HORCH;FAX;|
Hôpital régional de Campbellton;189, chemin Lily Lake, C.P. 890 ;;Courrier postal;;Responsable;Hôpital régional de Campbellton;HORCAMP;HORCAMP1;MAIL;|
Hôpital régional de Portneuf-CLSC de Saint-Raymond;700, rue Saint-Cyrille;1-418-337-4611 poste 506;14183372390;14183372390;Responsable/Nathalie Pelletier;Hôpital régional de Portneuf-CLSC de Saint-Raymond;CICN;HORPCLSR;FAX;|
Hôpital régional de Rimouski;150, avenue Rouleau;1-418-724-3000;14187248619;14187248619;Responsable/Patrick Dolcé;Hôpital régional de Rimouski;CIBSL;HORRIMOU;FAX;|
Hôpital régional de Saint-Jérôme;290, rue Montigny;1-450-431-8200;14504318206;14504318206;Responsable/France Brisebois;Hôpital régional de Saint-Jérôme;CILAU;HORSJEROM;FAX;|
Hôpital régional d'Edmundston;275, boulevard Hébert;506 739-2200;Courrier postal;15067392231;Responsable;Hôpital régional d'Edmundston;RSVIT;HORED;MAIL;|
Hôpital Richardson;5425, avenue Bessborough;;Courrier postal;;Responsable;Hôpital Richardson;CICOIM;HORICHA;MAIL;|
Hôpital Sainte-Anne;305, boul. des Anciens-Combattants;514-457-3440 poste 3083 Paget:897-5262;5144574587;5144574587;Responsable/Mme Claudia Busreth;Hôpital Sainte-Anne;LDACC;HOSANNE;FAX;|
Hôpital Sainte-Croix;570, rue Hériot;1-819-478-6464 poste 3304;18194786466;18194786466;Responsable/Josée Martel;Hôpital Sainte-Croix;CIMCQ;HOSCROIX;FAX;|
Hôpital Santa Cabrini;5655 rue St-Zotique Est;;5142526592;5142526592;Responsable du laboratoire de Microbiologie;Hôpital Santa Cabrini;CIEIM;HOSCAB;FAX;|
Hôpital, CLSC et Centre d'Hébergement d'Asbestos;475, 3e Avenue;1-819-879-7158 poste 315;18198797433;18198797433;Responsable/Annie Luneau;Hôpital, CLSC et Centre d'Hébergement d'Asbestos;CIECHUS;HOCLCEASBES;FAX;|
Hôpital, CLSC et Centre d'Hébergement de Roberval;450, rue Brassard;1-418-275-0110 poste 2332;14182756974;14182756974;Responsable/S. Gagnon/C. Fortin;Hôpital, CLSC et Centre d'Hébergement de Roberval;CISLSJ;HOCLCEROBER;FAX;|
Hors Québec;1075 chemin Sainte-Foy;4182666723;14182668489;14182668489;Responsable MADO;Hors Québec;MSSS;DSP30;FAX;|
Hôtel de ville de Beaupré;10995, rue des Montagnards;418 827-4541;Courrier postal;;Responsable;Hôtel de ville de Beaupré;VB;UFHVBEA;MAIL;|
Hôtel-Dieu de Lévis;143, rue Wolfe;1-418-835-7121 poste 3701;14188357139;14188357139;Responsable/Line Côté;Hôtel-Dieu de Lévis;CICA;HOHDLEV;FAX;|
Hôtel-Dieu de Lévis (B. Sang);143 rue Wolfe;;Courrier postal;;Responsable;Hôtel-Dieu de Lévis (B. Sang);CICA;HOHDLEVBS;MAIL;|
Hôtel-Dieu de Sherbrooke;580, rue Bowen Sud;;Courrier postal;;Responsable;Hôtel-Dieu de Sherbrooke;CIECHUS;HOHDSHER;MAIL;|
Hôtel-Dieu de Sorel;400, avenue de l'Hôtel-Dieu;1-450-746-6000 poste 7147;14507466067;14507466067;Responsable/Isabelle Pépin;Hôtel-Dieu de Sorel;CIME;HOHDSOREL;FAX;|
Hôtel-Dieu du CHUM;3840, rue Saint-Urbain;514-890-8000 poste 14633;5144127240;5144127240;Responsable/Mme Caroline Ménard;Hôtel-Dieu du CHUM;CUMONT;HOHDM;FAX;|
HQ01 - Service d'enquête et d'EDA;4045 boul. Côte-Vertu;;sen-lspq@hema-quebec.qc.ca;5148321024;Responsable/Ginna Mai Simmons-Coley;HQ01 - Service d'enquête et d'EDA;HQ;HQM01;EMAIL;|
HQ02 - Service d'enquête et d'ETA;France Bernier;;sen-lspq@hema-quebec.qc.ca;5148321024;Responsable/Ginna-Mai Simmons Coley;HQ02 - Service d'enquête et d'ETA;HQ;HQQ02;EMAIL;|
HQ03 - Analyses règlementaires;4045 boul. Côte-Vertu;;techresponsable.resultatexterne@hema-quebec.qc.ca;;Responsable;HQ03 - Analyses règlementaires;HQ;HQM03;EMAIL;|
HQ04 - Service de qualification des produits;Service de qualification des produits ;418 780-4362 ext.6240;techresponsable.resultatexterne@hema-quebec.qc.ca;;Responsable;HQ04 - Service de qualification des produits;HQ;HQQ04;EMAIL;|
HQ05 - Service des analyses règlementaires;Service des analyses règlementaires ;;techresponsable.resultatexterne@hema-quebec.qc.ca;;Responsable;HQ05 - Service des analyses règlementaires;HQ;HQM05;EMAIL;|
HQ06 - Service du contrôle de qualité a/s Annie Jacques;1070 av. des sciences-de-la-vie;;controle.qualite.quebec@hema-quebec.qc.ca;;Responsable/Annie Jacques;HQ06 - Service du contrôle de qualité a/s Annie Jacques;HQ;HQQ06;EMAIL;|
HQ07 - Tissus humains a/s Annie Jacques;1070 av. des Sciences-de-la-vie;;controle.qualite.quebec@hema-quebec.qc.ca;;Responsable/Annie Jacques;HQ07 - Tissus humains a/s Annie Jacques;HQ;HQQ07;EMAIL;|
HQ09 - Laboratoire de référence et cellules souches;Laboratoire de référence et cellules souches ;;Secretaires.LRCS@hema-quebec.qc.ca;;Responsable;HQ09 - Laboratoire de référence et cellules souches;HQ;HQM09;EMAIL;|
HQ11 - Banque publique de lait maternel;Manon Landry -Direction des opérations et du service à la clientèle;514 832-5000 # 6313;techresponsable.resultatexterne@hema-quebec.qc.ca;;Responsable;HQ11 - Banque publique de lait maternel;HQ;HQM11;EMAIL;|
Hydro-Québec;75, boul. René-Lévesque Ouest, 7e étage;;Courrier postal;;Responsable;Hydro-Québec;HYDROQ;LPHQUE;MAIL;|
ID Biomedical corporation of Quebec;d.b.a. GSK Vaccines;418-650-0010;Courrier postal;;Responsable;ID Biomedical corporation of Quebec;LPIDBCORPQ;LPIDBCQ;MAIL;|
Innogenetics Inc.;2580 Westside Parkway, Suite 400;;Courrier postal;;Responsable/Laboratory;Innogenetics Inc.;II;II1;MAIL;|
Inst. Univ. de cardiologie et de pneumologie de Québec;2725, chemin Sainte-Foy;1-418-656-8711;14186564542;14186564542;Responsable/Dre Sylvie Trottier;Inst. Univ. de cardiologie et de pneumologie de Québec;CUCPQ;CUCPQ1;FAX;|
Institut Armand-Frappier Laval;531, boul. des Prairies;;Courrier postal;;Responsable;Institut Armand-Frappier Laval;INRS;LPIAF;MAIL;|
Institut Armand-Frappier Pointe-Claire;245, boul. Hymus;;Courrier postal;;Responsable;Institut Armand-Frappier Pointe-Claire;INRS;LPIAFINRS;MAIL;|
Institut Canadien-Polonais du Bien-Être;5655, rue Bélanger;;Courrier postal;;Responsable;Institut Canadien-Polonais du Bien-Être;CIEIM;LDICPOLON;MAIL;|
Institut de Cardiologie de Montréal;5000, rue Bélanger;514-376-3330;5145932577;5145932577;Responsable/Pierre Auger;Institut de Cardiologie de Montréal;HOICM;HOICMONT;FAX;|
Institut de Laser Dermatologique de Montréal;175, avenue Stillview;;Courrier postal;;Responsable;Institut de Laser Dermatologique de Montréal;ILDM;ILDM1;MAIL;|
Institut de recherches cliniques de Montréal;110, avenue des Pins Ouest;;5149875799;5149875799;Responsable/Marcel Leclerc;Institut de recherches cliniques de Montréal;CUMONT;CUIRCM1;FAX;|
Institut Maurice-Lamontagne;Pêches et Océans Canada;418 775-0500;Courrier postal;418 775-0730;Responsable;Institut Maurice-Lamontagne;POC;POCIML;MAIL;|
Institut universitaire en santé mentale de Montréal;7401, rue Hochelaga, Pavillon Bourget, 5e étage;514-251-4000;5142514055;5142514055;Responsable/Manon Hurteau;Institut universitaire en santé mentale de Montréal;CIEIM;HOSPEMON;FAX;|
Institution;Adresse;Téléphone du contact;Rapport envoyé à:;Fax du contact;Nom du contact;Compagnie;Organisation Parent;ID Soumissionnaire;Type de Livraison;
inVentiv Health Clinique inc.;2500, rue Einstein;;Courrier postal;;Responsable;inVentiv Health Clinique inc.;LPIHC;LPIHC1;MAIL;|
Joana Biomedical ltée;50, boul. Taschereau, bureau 125;1-450-619-414;14506191488;14506191488;Responsable/Dre Elena Haidet;Joana Biomedical ltée;LPJBIO;LPJBIO1;FAX;|
Jubilant HollisterStier;16751, route Trans-Canada;514-694-8220;5146307010;5146307010;Responsable/Julie Riviere;Jubilant HollisterStier;LPJHOLL;LPJHOLL1;FAX;|
KLOX technologies inc.;275, boulevard Armand-Frappier;;Courrier postal;;Responsable;KLOX technologies inc.;LPKTECH;LPKTECH1;MAIL;|
La Cité médicale Montréal;3500 Maisonneuve Blvd Ouest, Tour #2;514-788-6484;5147881983;5147881983;Responsable / Dr Daher Samer;La Cité médicale Montréal;CMCITEM;CMCITEM1;FAX;|
La Maison Mère des Soeurs de Ste-Anne;1950 rue Provost;514-637-3783 poste 424;5146370048;5146370048;Responsable / Chantal Lemay;La Maison Mère des Soeurs de Ste-Anne;CEMMSSTAN;CEMMSSA;FAX;|
Lab. de rech. sur les arthropodes hématophages;Lab rech. sur arthropodes hématophages;819 376-5053;Courrier postal;819 376-5084;Responsable;Lab. de rech. sur les arthropodes hématophages;UQTR;UQTRLRARTH;MAIL;|
Laboratoire Ashraf A. Ismail;21111 Lakeshore Road;514-398-7991;ashraf.ismail@mcgill.ca;5143987977;Responsable/Ashraf A. Ismail;Laboratoire Ashraf A. Ismail;LPASHRAF;LPASHRAF1;EMAIL;|
Laboratoire Bio-Médic inc. (Montréal);3576, avenue du Parc, suite 5315;;14187803031;14187803031;Responsable/Melanie Lessard;Laboratoire Bio-Médic inc. (Montréal);LBMEDIC;LPBMM;FAX;|
Laboratoire Bio-Médic inc. (Québec);4535, boul. Wilfrid-Hamel, bureau 140;1-418-780-3322 poste 24;14187803031;14187803031;Responsable/Mélanie Lessard;Laboratoire Bio-Médic inc. (Québec);LBMEDIC;LPBMQ;FAX;|
Laboratoire d'analyses biomédicales, UQTR;3351, boul. des Forges, C.P. 500;;Courrier postal;;Responsable;Laboratoire d'analyses biomédicales, UQTR;LPBUQTR;LPBUQTR1;MAIL;|
Laboratoire Dynacare ( Dobrin);4800 rue Dobrin;5144862299;5146871562;5146871562;Responsable/Eva Kiriakidis;Laboratoire Dynacare ( Dobrin);LDYNDOB;LDYNDOB1;FAX;|
Laboratoire médical Biron inc.;4105-F, boul. Matte;514 866-5005;14506196164;14506196164;Responsable/Raymond Lepage;Laboratoire médical Biron inc.;LMBIR;LMBIRON;FAX;|
Laboratoire médical FERTILYS (PRENAGEN);1950 rue Maurice-Gauvin;4509349146;Courrier postal;;Responsable;Laboratoire médical FERTILYS (PRENAGEN);LPFERT;LPFERT1;MAIL;|
Laboratoire médical Lapointe;2100, avenue Marlowe;;Courrier postal;;Responsable;Laboratoire médical Lapointe;LPMLAPO;LPMLAPO1;MAIL;|
Laboratoire médical Plexo;6100, avenue du Boisé;514-739-5646 poste 9346;5147395395;5147395395;Responsable/Mme Nadia El Ayachi;Laboratoire médical Plexo;LPMPLEX;LPMPLEX1;FAX;|
Laboratoires BNK Canada Inc.;500, boulevard Cartier Ouest;1-450-688-4432;14506887566;14506887566;Responsable/Gilles Brisson;Laboratoires BNK Canada Inc.;LPBNK;LPBNK1;FAX;|
Laboratoires Choisy Ltée;390, boul. Saint-Laurent Est, C.P. 6;;Courrier postal;;Responsable;Laboratoires Choisy Ltée;LPCHOI;LPCHOI1;MAIL;|
Laboratoires d'analyses S.M. inc.;2350, chemin du Lac;;Courrier postal;;Responsable;Laboratoires d'analyses S.M. inc.;LPASM;LPASM1;MAIL;|
Laboratoires Médic Express inc.;518, rue Notre-Dame;;Courrier postal;;Responsable;Laboratoires Médic Express inc.;LPMEXP;LPMEXP1;MAIL;|
Laboratoires médicaux CDL inc.;5990, chemin de la Côte-des-Neiges;514-344-8022 poste 226;5149072037;5149072037;Responsable/Andrew Weigensberg;Laboratoires médicaux CDL inc.;LMCDL;LPCDLCDN;FAX;|
Laboratoires nationaux VIH et rétrovirologie;100, promenade Églantine;;Courrier postal;;Responsable;Laboratoires nationaux VIH et rétrovirologie;ASPC;ASPCVIH;MAIL;|
Laboratoires Neopharm;865, boul. Michèle-Bohec;;Courrier postal;;Responsable;Laboratoires Neopharm;LPNEO;LPNEO1;MAIL;|
Laboratory Centre for Disease Control;1015 Arlington Street . Rm A1010;204 789-6070;Courrier postal;;Responsable;Laboratory Centre for Disease Control;CSCSHA;CSCSHALCDC;MAIL;|
Le Groupe Bénévole Sauvetage Canada Rescue;1791, rue Principale;;Courrier postal;;Responsable;Le Groupe Bénévole Sauvetage Canada Rescue;GBSAUV;GBSAUV1;MAIL;|
Les Laboratoires Aeterna inc;1405, boul. du Parc-Technologique;;Courrier postal;;Responsable;Les Laboratoires Aeterna inc;LPAET;LPAET1;MAIL;|
Les Laboratoires Quélab inc.;2331, rue Dandurand;;Courrier postal;;Responsable;Les Laboratoires Quélab inc.;LPQUEL;LPQUEL1;MAIL;|
Les Plastiques Bellevue inc.;772, avenue Lajoie;;Courrier postal;;Responsable;Les Plastiques Bellevue inc.;LPPBEL;LPPBEL1;MAIL;|
L'Hôpital Chinois de Montréal (1963);189, avenue Viger Est;;Courrier postal;;Responsable;L'Hôpital Chinois de Montréal (1963);HOCM;HOCMONT;MAIL;|
Maclinique Médicale Lebourgneuf;725 Boul Lebourgneuf, local 220;14186261313;14189489267;14189489267;Responsable;Maclinique Médicale Lebourgneuf;CMLEBO;CMLEBO1;FAX;|
Magistral Biotech inc.;1060, boul. Michèle Bohec;;Courrier postal;;Responsable;Magistral Biotech inc.;LPMBIO;LPMBIO1;MAIL;|
Maxxam Analytique inc.;889, montée de Liesse;;Courrier postal;;Responsable;Maxxam Analytique inc.;LPMANA;LPMANA1;MAIL;|
Médi-Centre Des Sources (Bureau Dr. Roman Gut);4465, boul Des Sources;5146847440;Courrier postal;;Responsable;Médi-Centre Des Sources (Bureau Dr. Roman Gut);CMBDRG;CMBDRG1;MAIL;|
Médicentre Ste-Angélique;1811, chemin Sainte-Angélique;4504247030;Courrier postal;;Responsable;Médicentre Ste-Angélique;CMSANG;CMSANG1;MAIL;|
Microbiological Laboratory;5845, chemin de la Côte-des-Neiges;;Courrier postal;;Responsable;Microbiological Laboratory;LPMLAB;LPMLAB1;MAIL;|
Morgue de Québec;1685, boul. Wilfrid-Hamel ;;Courrier postal;;Responsable;Morgue de Québec;MSPQ;MORQ;MAIL;|
Mount Sinai Hospital;600 University Avenue, Room 1487;416 586-4435;Courrier postal;416 586-8746;Responsable;Mount Sinai Hospital;MSH;HOMSINA;MAIL;|
NASCI-biologie médicale inc.;794, rue Fréchette, suite 101;;5143161512;5143161512;Responsable/Lyne Massicotte;NASCI-biologie médicale inc.;LPNASC;LPNASC1;FAX;|
Nat. Lab. for Enteric Pathogens, Nat. Microb. Lab.;1015 Arlington Street;204 789-6014;Courrier postal;;Responsable;Nat. Lab. for Enteric Pathogens, Nat. Microb. Lab.;CSCSHA;CSCSHALNEP;MAIL;|
Newfoundland & Labrador Public Health Laboratory;100 Forest Road, suite 1;709 777-6583;Courrier postal;17097776362;Responsable;Newfoundland & Labrador Public Health Laboratory;NLPHN;NLPHL1;MAIL;|
North York General Hospital;4001 Leslie Street;;Courrier postal;;Responsable/Maternal Newborn Program;North York General Hospital;HOGNYORK;HOGNYORK1;MAIL;|
NY State Dept. of Health, Wadsworth Center;120 New Scotland Ave. PO BOX 22002;518 474-4177;Courrier postal;15184867971;Responsable;NY State Dept. of Health, Wadsworth Center;NYSDH;NYSDHWC;MAIL;|
Omniclinique Outaouais;28 Boul. Mont bleu;1-819-777-2111;18197716890;18197716890;Responsable;Omniclinique Outaouais;CMOMNIOUT;CMOMNIOUT1;FAX;|
Ontario Agency for Health Protection and Promotion;81 Resources Road;416 235-5723;Courrier postal;;Responsable;Ontario Agency for Health Protection and Promotion;MSO;OAHPP;MAIL;|
Palo Alto Medical Foundation Toxoplasma Serology Laboratory;795 El Camino Real;650 853-4828;Courrier postal;650 614-3292;Responsable;Palo Alto Medical Foundation Toxoplasma Serology Laboratory;PAMFTSL;PAMFTSL1;MAIL;|
Pavillon Edouard-Asselin;264, boul. René-lévesque;5148908000;Courrier postal;;Responsable;Pavillon Edouard-Asselin;CUMONT;HOPEASS;MAIL;|
Pavillon Hôtel-Dieu;11, côte du Palais;1-418-691-5151 poste 15919;14186925768;14186925768;Responsable/Louise Deschênes;Pavillon Hôtel-Dieu;CUQUL;CUPHDG;FAX;|
Pavillon Sainte-Famille;22, rue Notre-Dame Nord;1-819-622-2773 poste 4428;18196292478;18196292478;Responsable/Mme Jeanne St-Pierre;Pavillon Sainte-Famille;CIAT;HOPSFAM;FAX;|
Pavillon Saint-François-D'Assise;10, rue de l'Espinay;1-418-525-4444 poste 53200;14185254327;14185254327;Responsable/Dr Pierre Hivon;Pavillon Saint-François-D'Assise;CUQUL;HOPSFA;FAX;|
Pfizer Canada Inc;17300, route Trans-Canada;;Courrier postal;;Responsable/Groupe santé animal;Pfizer Canada Inc;LPPFIZ;LPPFIZ1;MAIL;|
PhageTech inc.;7170, Frederick Banting, 2e étage;;Courrier postal;;Responsable;PhageTech inc.;LPPTECH;LPPTECH1;MAIL;|
Pharmacie Clinique Santé Minh Châu;6655, chemin de la Côte-des-Neiges;;Courrier postal;;Responsable;Pharmacie Clinique Santé Minh Châu;PCSMC;PCSMC1;MAIL;|
Pharmascience inc.;6625, rue Abrams;;Courrier postal;;Responsable;Pharmascience inc.;LPPHA;LPPHA1;MAIL;|
Pharmetics inc;865A, boul. Michèle-Bohec;1-450-433-8584;Courrier postal;;Responsable;Pharmetics inc;LPPHAR;LPPHAR1;MAIL;|
Point de Service de Témiscaming-et-Kipawa;180, rue Anvik, C.P. 760;1-819-627-3385  poste 1241;18196279259;18196279259;Responsable/Brenda Lagacé;Point de Service de Témiscaming-et-Kipawa;CIAT;PSTKIPAW;FAX;|
Polyclinique de l'Ancienne-Lorette;1413 Notre-Dame;14188722012;Courrier postal;;Responsable;Polyclinique de l'Ancienne-Lorette;CMALOR;CMALOR1;MAIL;|
Polyclinique Médicale de Buckingham;147 rue Joseph;819-986-1034;Courrier postal;;Responsable;Polyclinique Médicale de Buckingham;CMPMBUCK;CMPMBUCK1;MAIL;|
Polyclinique médicale de la Concorde;300, boul. Concorde Est;450 667-5310;Courrier postal;;Responsable;Polyclinique médicale de la Concorde;GMFCON;GMFCON1;MAIL;|
Polyclinique Rosemont;3377, boul. Rosemont;5143767702;Courrier postal;;Responsable;Polyclinique Rosemont;CMROS;CMROS1;MAIL;|
Polyclinique Saint-Eustache;75, rue Grignon;;Courrier postal;;Responsable;Polyclinique Saint-Eustache;GMFSEUS;GMFSEUS1;MAIL;|
Poste de soins infirmiers Matimekosh & du Lac John;224, Denault, C.P. 549;14185852667;Courrier postal;;Responsable;Poste de soins infirmiers Matimekosh & du Lac John;COIMLJ;PSIM;MAIL;|
PROCREA Cliniques;1361, avenue Beaumont;;Courrier postal;;Responsable;PROCREA Cliniques;LPPROC;LPPROC1;MAIL;|
Provincial Laboratory for Northern Alberta;8440 - 112th Street, NW Room 1B3.26;;Courrier postal;;Responsable/University of Alberta Hospital-Laboratory;Provincial Laboratory for Northern Alberta;LPNA;UAH;MAIL;|
Provincial Laboratory for Northern Alberta Microbacteriology;WMK Health Science Ctr  Microbacteriology Rm 1B3.18;;Courrier postal;;Responsable/Micro lab;Provincial Laboratory for Northern Alberta Microbacteriology;LPNA;WMKHSM;MAIL;|
Provincial Laboratory for Northern Alberta Streptococcus;WMK Hlth Sc Ctr  Nat. Centre Streptococcus Rm.1B3.26;;Courrier postal;;Responsable/Micro lab;Provincial Laboratory for Northern Alberta Streptococcus;LPNA;WMKHSS;MAIL;|
Public Health Ontario Laboratory Toronto;661, University avenue, suite 1701;1-647-792-3355;14162356188;14162356188;Responsable Toxo / Anne Hamid-Allie;Public Health Ontario Laboratory Toronto;MSO;PHOLT;FAX;|
Public Health Ontario Laboratory Toronto;661, University avenue, suite 1701;1-416-235-6556;Courrier postal;14162356552;Responsable;Public Health Ontario Laboratory Toronto;MSO;PHOLT;MAIL;|
Public Health Ontario Legionella;81 Resources Road;416 235-5705;Courrier postal;;Responsable;Public Health Ontario Legionella;PHO;MSOLEG;MAIL;|
Public Health Ontario Mycobacteriology;81 Resources Road;416 235-5298;Courrier postal;416 235-6197;Responsable;Public Health Ontario Mycobacteriology;PHO;PHOMYCO;MAIL;|
Public Health Ontario Yersinia;81 Resources Road;416 235-5715;Courrier postal;;Responsable;Public Health Ontario Yersinia;PHO;MSOYER;MAIL;|
Queen Elizabeth II Health Sciences Centre;Department of Pathology & Laboratory Medecine;902 473-2392;19024734432;19024734432;Responsable/Carol Pelton;Queen Elizabeth II Health Sciences Centre;QEII;QEIIPLM;FAX;|
Relais Méthadone-CRAN;B.P. 32099, C.P. St-André;514 847-9300;Courrier postal;;Responsable;Relais Méthadone-CRAN;PSRMCRAN;PSRMCRAN1;MAIL;|
Renfrew Victoria Hospital;499, Raglan Street, North ;;Courrier postal;;Responsable;Renfrew Victoria Hospital;HORRENF;HORRENF1;MAIL;|
Réseau de santé Horizon Health Network;Hôpital régional Dr. Everett Chalmers;506 452-5400;Courrier postal;15064525889;Responsable/Dr Shelley Dupuis;Réseau de santé Horizon Health Network;RSHHN;RSHHN1;MAIL;|
Roche Diagnostics Canada;201, boul. Armand-Frappier;;Courrier postal;;Responsable;Roche Diagnostics Canada;LPRDCAN;LPRDCAN1;MAIL;|
Rougier Bio-Tech ltée;8480, boul. Saint-Laurent;;Courrier postal;;Responsable;Rougier Bio-Tech ltée;LPRBTECH;LPRBTECH1;MAIL;|
Royal University Hospital Virology;Virology Section  Clinical Microbiology;306 655-1763;Courrier postal;306 655-1726;Responsable;Royal University Hospital Virology;US;RUHVSCM;MAIL;|
Saint John Regional Hospital;Microbiology Laboratory  Dept. of Lab. Medicine;1-506-648-7178 ou 7175;15066487067;15066487067;Responsable/Hope MacKenzie;Saint John Regional Hospital;HORSJ;HORSJ1;FAX;|
Saskatchewan Health, H.E. Robertson Laboratory;Laboratory & Disease Control Services Branch;306 787-3129;Courrier postal;13067871525;Responsable;Saskatchewan Health, H.E. Robertson Laboratory;SH;SHHERL;MAIL;|
Sigmasanté;2953, rue Bélanger, bureau 202;;5143765232;5143765232;Responsable/Rachel Beauregard;Sigmasanté;MSSSL;SIGMA;FAX;|
Société des alcools du Québec;2021, rue des Futailles;;Courrier postal;;Responsable;Société des alcools du Québec;LPSAQUE;LPSAQUE1;MAIL;|
Sodexen inc.;2519, boul. Chomedey;;Courrier postal;;Responsable;Sodexen inc.;LPSOD;LPSOD1;MAIL;|
SOPFIM;1780, rue Semple;;Courrier postal;;Responsable;SOPFIM;LPSOP;LPSOP1;MAIL;|
Special Bacteriology Section ( Bactério) ;1015 Arlington Street Rm 5040;204 789-2135;Courrier postal;;Responsable;Special Bacteriology Section ( Bactério) ;CSCSHA;CSCSHABS;MAIL;|
Special Bacteriology Section ( méningo) ;1015, Arlington Street , Rm 5150;204 789-2067;Courrier postal;;Responsable;Special Bacteriology Section ( méningo) ;CSCSHA;CSCSHABS1;MAIL;|
Sterinova;3005, avenue José-Maria-Rosell;450-252-2520 #233;mapoulin@sterinova.com;;Responsable/Marie-Annick Poulin;Sterinova;LPSTERINOVA;LPSTERINOVIA1;EMAIL;|
Technilab;17800, rue Lapointe;;Courrier postal;;Responsable;Technilab;LPTECH;LPTECH1;MAIL;|
The University of Texas Health Center;11937 US Hwy 271;;Courrier postal;;Responsable;The University of Texas Health Center;CSUTEX;CSUTEX1;MAIL;|
Transplant Québec - Montréal;4100, rue Molson, bureau 200;514-286-0600;5142860615;5142860615;Responsable/Transplant Québec;Transplant Québec - Montréal;TRANSQ;TQM;FAX;|
Transplant Québec - Québec;1305 du Blizzard, bureau 100;;Courrier postal;;Responsable;Transplant Québec - Québec;TRANSQ;TQQ;MAIL;|
Univ. Laval, comité de gestion des risques biologiques;Pavillon Ferdinand-Vandry, local 3315A;418 656-2131;Courrier postal;418 656-2188;Responsable;Univ. Laval, comité de gestion des risques biologiques;UL;ULGRB;MAIL;|
Université McGill, Campus MacDonald;21111, Lakeshore Dr.;514 398-7889;Courrier postal;;Responsable;Université McGill, Campus MacDonald;UMG;UMGMACD;MAIL;|
University of Ottawa Epidemiology dept.;Dprtmt of Epidemiology and Community Med;613 562-5800;Courrier postal;613 562-5465;Responsable;University of Ottawa Epidemiology dept.;UO;UOTT;MAIL;|
Validapro BioSciences;3440, av. Francis-Hughes, bureau 220;;Courrier postal;;Responsable;Validapro BioSciences;LPVBIO;LPVBIO1;MAIL;|
Victoria Gen. Site;"Div. of Microb.  Dept. of Pathol. and Lab. Medicine
";902 473-7410;19024734432;19024734432;Responsable;Victoria Gen. site;QEII;QEIISVG;FAX;|
Villa Médica;225, rue Sherbrooke Est;514 288-8201;Courrier postal;;Responsable;Villa Médica;CRVMED;CRVMED1;MAIL;|
Western Memorial Regional Hospital;1 Brookfield Ave, P.O. Box 2005;709 637-5000;Courrier postal;709 637-5317;Responsable;Western Memorial Regional Hospital;WMRH;WMRH1;MAIL;|
Zoonotic Diseases Section;Zoonotic Diseases Section;;Courrier postal;;Responsable;Zoonotic Diseases Section;CSCSHA;CSCSHAZDS;MAIL;|
Zoonotic Diseases Section;Zoonotic Diseases Section;;Courrier postal;;Responsable;Zoonotic Diseases Section;CSCSHA;CSCSHAZDS1;MAIL;|